x,y,z,t
3.88471710847366,0.6421331189122401,2.1026902020670417,1
0.6536047008821402,1.3951722077957627,2.1971877541129237,0
-0.32019154492934365,0.3252210350579918,1.5393798755864536,1
4.248274104825599,-1.2305797240984488,1.6949432690543982,1
5.455966487708471,-0.021712995281147007,1.8892708384183257,1
4.324040418069762,0.07540521333563244,2.0086882325851154,0
5.3575745660664085,-2.6507432916338622,1.3216689135686788,0
5.602489848302607,-0.8547366788415898,1.6554840370979966,1
-0.46459099806750415,-0.9189560365857746,1.0498434620945312,1
4.8096270680655095,0.9486297813349719,1.9995828409128749,1
5.739646665965321,-0.18690267833757684,1.8047412288653173,1
0.6830484915460101,0.9270760626333591,1.9253439934081178,1
4.746738288679778,1.57255445696542,2.146550117923423,1
4.905708212605,1.0573238839953398,1.966162033110453,1
5.996631250384306,0.21007014486559766,1.7908089819917876,0
4.3241477330824845,-0.17063485658801153,1.9030875572396964,1
5.807130454328999,0.7399377715130331,1.8529797920723208,0
4.640193547023046,0.5197905250471532,2.0475759421578674,1
0.5848919774822685,0.29095161042235074,1.7724274456954126,1
0.19140221704488622,0.03436317645026765,1.583949742677093,0
6.06420428195682,-0.8678658370784905,1.6519853149203554,1
6.2633898611208725,0.9662858946704008,1.759649544843762,1
5.684869695625825,-0.66142482383816,1.781563133477111,1
0.2400870427994939,-0.2516983348911632,1.5432823399689086,1
5.098351736991354,-2.000687217341864,1.5058604570099143,1
-1.4014965839394484,-1.883512621507746,0.3358769327411719,0
5.190963707947346,0.09857602924821803,1.8081741630645642,1
5.427286120578117,-0.6269708036907138,1.8033223983436315,1
3.8258607881047473,0.3137924544519431,2.057117647214987,1
-1.5229123740447439,-1.2545909925323433,0.5986892304118065,1
3.8926524005869525,-0.2192530099781701,1.88491051006264,1
4.339818963195726,2.246381594235163,2.298762345490868,1
4.719569981337414,0.4702265840764552,1.9654555094817985,1
3.524604006758223,1.671666318426872,2.242078369830407,1
4.847970281545136,-0.30881599293333184,1.8865203397769859,1
-1.046703937949738,-1.1497912717273049,0.7201235384605196,1
4.942834012172481,1.395167015064167,2.067878060811035,1
5.604824627057181,-1.2575166607314219,1.6628779750336173,1
5.895414775005239,0.5468400410349394,1.787438209017569,1
6.902975270577947,-2.050458127751838,1.4667027161862805,1
5.051328960576621,-0.023996138114125924,1.965658834707249,1
6.960038723233881,-1.2486217490180065,1.5421059876095793,1
-0.6576951518982791,-0.8375336858537156,1.021602867357416,1
4.1453371027525865,-0.11785147357690046,2.0002823356157373,0
4.967517652423338,0.29729676306474806,1.934900763826859,1
4.482237510963085,0.07995728212959491,2.0242038732036876,1
4.7783119499286215,1.0807617732591441,2.0995557816440065,1
-0.35093350711451465,-0.35822961695893885,1.2509522598565328,1
-0.7974554102656384,0.4772791145548767,1.3817039864425211,1
6.369710735399763,-1.6405898732910706,1.620303246069994,1
0.04017106204775378,-0.46093588358751725,1.2970288752860666,1
-0.40902653359058255,0.43237715060417575,1.4320733187895054,0
-1.548085769692901,-0.33431092221091663,0.8495154995995297,0
0.14302443945676457,-0.20776002355379825,1.4956029121365257,0
0.11959976820279361,-1.494810616904734,1.0014040402972861,1
0.17419981620540306,0.09386056990274458,1.5914385677200018,1
3.9264300729460215,-0.40469428883317643,1.848597764040448,1
6.680525571712326,0.9501285131940972,1.7653895475261656,1
-0.056682564521809614,0.4594054460401622,1.5529851717611964,0
-0.8619974252939888,-1.7441231313865024,0.6504404872843192,1
5.187195737910307,0.4935575220777373,2.0397061877209586,1
3.257958642614687,-1.3172177691966962,1.621883385438966,0
4.517093987060342,-1.7778126192836778,1.6438982910363127,0
-0.1329487056664348,-0.6651329326302348,1.288740109923564,1
-0.7210643352199781,-2.9014190738011676,0.19785794426677492,0
-0.06011030714302493,0.45585997223553687,1.7080139587628775,1
6.0888728378775685,0.09377208858147906,1.811329960699578,1
3.5523019082916516,0.3171844466767063,2.0755052837096484,1
3.92852366165545,-0.4091113954880874,1.9295996101430497,1
0.8267936662026509,0.696712228500521,1.9725939098676957,1
6.5214039077095975,-0.08047982152511934,1.7187672135441994,0
0.8868836300447258,0.7772926813368415,1.9363165746644961,1
0.49996098732184935,0.4521130871826544,1.7721361291001305,1
4.10840074636047,-1.5158173823543133,1.6568172781915644,1
4.488037480243592,0.30085633678407375,1.9780402091744975,1
0.4412443435405693,0.7814176174260654,1.841275123539592,1
5.521571508349793,-0.4374554282532888,1.7290294148581729,1
-0.6372163659246042,-0.833551034150612,0.9818374418912404,1
4.422719671601313,1.0136868874538054,2.2198892180480208,1
5.838379420932304,0.3748372516486672,1.8118192480708235,1
5.98468173600989,-0.09277482053859987,1.755643178105006,1
-1.8060981063485262,-0.28339381051065193,0.822761820134792,1
0.48599896741348414,0.38135547873189957,1.797023682302946,1
-1.2652713700965639,-0.9641900817837938,0.7406269012056237,1
5.026879481351696,-0.25658040481367206,1.9308453718166414,1
3.732060822632825,-1.3415884001745995,1.6050047513627996,1
0.5219365890004701,1.1374254989541035,2.015492720918556,1
0.033375156830428576,-0.32954762381114555,1.428248909240381,0
0.23542548626957038,-0.5423264831510233,1.3494120006924144,0
0.47595920929197144,0.6991253444096214,1.9025516521421761,1
-0.383383283365723,0.112351736354349,1.3703027496597722,1
4.88331929317654,-0.22796937792133407,1.9280473874885018,1
3.7610249407380936,0.390872303753953,2.0245999794609117,1
0.8636915679922206,-1.3986802150235564,1.1871594544204895,1
-0.5625617104016681,-0.5320138311063184,1.132860357558934,1
4.4295754361737325,-0.09909901350124872,1.8883557066739725,1
4.472193224333374,-0.3327081777845306,1.948563610598043,1
-0.28623474806676485,-0.4772679625014563,1.2930533724300382,1
6.755423328868466,-2.1697967974640218,1.5234787410127206,1
4.816283534726656,-0.40303310101047096,1.8390124023013077,0
1.4711828181126236,0.589028499491132,2.0728580909682193,1
5.4617706826696955,-1.8888641335874645,1.6261010581970186,1
5.593717006468458,-0.9915321710537655,1.7258776116905938,1
5.554149831133389,1.9588561931027149,2.078680878943283,0
3.0163166080641513,0.6375344877485989,2.102614411131616,1
-1.0176453384692106,-0.6848741172091881,0.9943161854948789,1
0.39389205472733824,0.35368475276921363,1.6379318516844963,1
5.34297688068955,-0.8422003387462934,1.683850698131614,1
5.785472278726443,-0.4348774050519859,1.698544197279706,1
5.676658282553818,0.524204325092105,1.8864206878398317,1
5.296622426159144,2.3110102417884884,2.0132017195058234,1
5.782728764179365,-1.7601059163993855,1.5294226772772164,1
5.5762277160896865,-0.6358547156285954,1.7113743725007282,1
2.0717722425435703,1.5738057200581033,2.216221991106496,1
4.093817630126274,-0.11033919288983951,1.9470703184380092,1
-0.24127562005691272,0.8230743230491445,1.7450246770848068,1
5.6394335865951,-0.1467172179043201,1.8201487642114051,0
0.6156401781182516,1.0723722409694776,2.0422430465160617,1
4.328414490719062,0.4172125769871593,2.0407429421153243,0
5.578132630705334,0.08656337138623052,1.8691860966981009,1
2.9290656602251497,0.3459651865785386,2.045120631481151,1
4.546078824435485,0.22363897546605938,1.9805122457342077,1
-0.04725121764981377,-0.7222969418832013,1.250569623819877,1
-1.034571520008526,0.6163275214065912,1.3721332880839203,0
4.8738198419010965,0.10835121056553264,2.042884552214982,1
5.7781829510231955,-0.3830672536109585,1.7520120092718539,1
-0.44380117938559127,-0.49106153290494226,1.1923753841852804,1
5.382972528610741,-1.9334296533099473,1.4155343478578206,1
4.144873504209278,2.373635601235751,2.2695396039337683,1
-0.30249333688347174,-0.27798939242172166,1.3986739764697527,1
-1.2755632342371863,-1.659942075993255,0.5768267146290429,1
-1.1386623442721948,-0.14202321899688014,1.0420016388965025,1
5.144859644036809,0.8357195305603415,2.042707057351604,1
-0.7658389148979663,-0.9120094178739322,0.9868710334149351,1
3.780935358217043,1.0170048876587012,2.143876308892386,1
1.0874341090613362,1.0542960284159821,2.0356736768763954,1
4.559532425492599,-0.8103234216003681,1.8085050256212223,1
4.713698918556187,-0.607089898701786,1.8391803657612824,1
7.171523237653185,0.36255443215629857,1.5962041059625398,1
4.572242095851681,0.2909690468893974,1.9097570337574894,1
0.4241405861666168,0.6855565421224259,1.8187435014282685,1
-2.2962016613928817,-2.5059336226109945,-0.12423468960329809,1
5.097937618678784,1.4094337675406794,2.0805615438326677,1
5.373611597594331,-1.3507313832415613,1.6067088775945262,1
1.4174733367532153,0.6867383125762094,1.953404858061284,1
5.772637710789009,0.6251685937508277,1.875620006505407,1
0.7944796424226545,0.8715438662044043,2.0787108330177504,1
4.7757921290851515,0.34241868836847006,1.9948009369973005,1
4.507349079554023,1.0134890885835024,2.0969918943598507,1
5.599750728129674,-0.22606388150653434,1.7520264697394212,0
-1.0987492636967275,-1.4079534818144743,0.5982482958752058,1
5.946522200702269,-0.7938614387343532,1.66583370964587,0
5.181832013433148,1.0918713176668087,1.991836088756225,1
-0.9419107406101759,-0.567080378691442,1.036185097909154,1
4.303134620014343,1.1664614314652448,2.145490713639558,1
-1.4604979035854322,-1.3924145027452142,0.5640208728027939,1
-0.4663783395766791,-1.0495990935257287,0.9676113098943563,1
4.256210332071887,-0.95257489682305,1.6890549870981544,1
0.7882036670118624,0.5263700857674791,1.8199301507944528,1
5.168513886429791,-0.27034716584457924,1.779327045978595,1
4.615569025643644,-0.1261033261230088,1.8741470080401548,1
-2.522842798576085,-0.41479546161657344,0.4664464955587425,1
1.5796526169850913,0.5570704081004595,1.953988457825818,0
6.945607635071521,1.4121583840247212,1.7292229553021188,1
4.6931470553599155,-0.9416550011449067,1.8354129041943401,1
6.158273856288049,-1.1924837246906497,1.572441946547738,1
4.659763801455325,1.0454019170049011,2.108593777079575,1
5.712816891281334,0.2952251456065036,1.8102499177670193,0
1.276460320742122,0.6418545497781795,1.9589341308991457,0
-1.762144916283988,-1.2260015973209555,0.46489259892225154,1
0.3323247353288742,0.6123365491004997,1.7962392041489033,1
-0.42683304573815106,-0.28864007300785266,1.346180791993242,1
3.5174824616586786,-0.805400493164535,1.8587968806009811,1
-0.07639085316162786,0.8974957199646695,1.7017913204820039,1
3.832161641413022,-1.0174883236309022,1.7630603901248043,1
5.102158902196218,-0.6073308954822005,1.7380132879687546,1
-0.9661569386031006,-1.5573225060790985,0.6817769245091062,0
4.163836394531235,-0.03567421410428795,1.9439027520530014,1
-0.41426854378436645,-0.43925134532011173,1.2373455051796467,1
4.157266694274803,0.18814636986911565,2.0054793551515684,1
-0.21449328499281267,-1.205583819248705,1.0415739306545269,1
-0.34466801165292155,-0.6655931248095346,1.1566469833440165,1
-0.602004593862616,-0.6939690309090227,1.1382939948931536,1
5.158593195608658,-0.47204181624747366,1.906801978183965,1
0.017142340825307634,0.8312020007158551,1.7545564510125173,1
-1.1671291394037429,-0.4605205543705354,0.9164419682292368,0
5.13440150764263,0.5380773869370474,1.89949290750751,1
5.199571931162162,-0.236584770071104,1.8071352511179934,1
5.822647767572565,-0.09806518282323529,1.8187354537823237,1
6.10274058534675,-0.03140595897655707,1.8260340955362837,1
0.09234354258141501,-0.09935767646902928,1.4610671745325277,1
-0.2417337670142327,0.03998884801548905,1.4859499058933954,1
4.456298956703505,0.9846249083362957,2.1634913632669175,1
0.48548707332029745,0.2231651664692546,1.7350967948565712,0
-0.10757436490143396,-0.17609105957101517,1.5063852055937277,0
4.508005666322982,-1.0672324096024046,1.723510584933311,1
5.952678937534597,0.08898019034360682,1.832079322600518,0
4.954800436883415,-1.1855381636218376,1.6459643976506966,1
6.37925885212108,-0.977653900077235,1.6779457442415264,1
4.876049921119981,1.42213904237651,2.0911491932236994,1
5.912430553395796,-1.251665329738107,1.5524573712762946,1
-0.49031317086237647,-0.6887612345209457,1.1861998212589417,1
-1.6662616255066476,-2.307691245613321,0.153637041261446,0
0.15782319063426295,-0.21139314141101526,1.4641307766648424,1
5.204224370835307,-0.5938696898848799,1.6938135450203027,1
1.555642966103388,0.4037276350857597,1.9371809298231804,0
6.700649438854716,-1.555294765990341,1.5707982008192003,1
5.618751754751498,1.0380525518779982,1.9008091408250836,0
4.347085789050536,-0.5664926204821342,1.797064345574161,0
5.35339371167264,1.4652812804355182,1.9949468461068254,1
4.447767779631137,0.10692736551336504,1.8821378949338305,0
5.501585978246549,-0.021142393494822748,1.8465976888509401,1
0.28259806611738314,0.3103766349075825,1.6642773232548513,1
5.997887630487052,0.6316953854117244,1.820115286238378,1
0.7402546995392851,1.0184416619681254,1.91097527330063,1
-0.2748813197894085,0.799292359096079,1.6624000858564305,1
4.997518233751951,-0.38544022956444435,1.8662061638706917,1
5.974799877552012,1.0864253776763926,1.8854149034851708,1
-0.012359310729448403,1.3538771447201736,1.8940684533066674,1
6.355706041293319,-0.4697340402175291,1.6902686941346876,0
4.221818320753138,-2.20074470235865,1.4115033441147375,1
6.00266099076526,1.4934816945199227,1.9331464776661724,1
5.6546658661219595,-1.1016710571926236,1.6877956826168588,1
3.9383057294587007,1.006049304795435,2.18846542393242,1
5.774584202524927,0.12189227967630373,1.8284102195973055,1
6.311163961337965,-1.1388584134829913,1.6428818750391292,0
5.379157536082177,1.6195437814915028,2.0383692536880282,1
5.228713873744969,-2.3953406059835087,1.4389035849121175,1
-0.9106696560440142,-1.4750545454719766,0.5801075693328646,0
3.6266328980447597,-0.18436531733986727,1.8997267263122943,1
0.3070745708736432,0.5543118364906527,1.785606508383948,1
3.768426507790703,0.9122697281133241,2.2426526324318368,1
4.868030454696756,-0.006320332632980499,1.9047130686399265,1
6.290220148006253,0.1543674072123341,1.816509423956234,1
6.181070543526655,-0.5239309366227697,1.7007472541325486,1
4.8860997378976245,1.974145227221428,2.087636893504805,1
5.344675728238529,1.1008011374895372,2.0964706829002826,0
0.2751474624842841,-0.6532021029560465,1.3053256420991308,1
4.98359183395723,1.777362729182515,2.1296238573761275,1
0.5310176323031489,1.4136222386135917,2.055721706569623,1
6.79348811512161,-0.2518221888743818,1.6123207783908713,1
6.703278182987754,-1.8783008328314288,1.4459531885996533,1
5.664228312178596,0.8404408548863851,1.8894682667647305,1
5.401743920714272,-1.2466484001981402,1.6217608603127873,0
0.7921185368314334,1.6191154100080074,2.1757096504664157,1
6.817637506195874,-1.024808389406654,1.5758900699804197,1
4.959464934310825,-0.4488387094652315,1.809618322879247,1
5.9483186586115195,0.32716731118629877,1.789075818715425,1
4.904011787852652,0.8961289033721076,2.0190494637051817,1
5.987569963108102,-0.8528148164471396,1.7303555523363638,1
-1.838729537223109,-1.5796473156966262,0.42119170477344514,0
4.597225750353316,0.2037273039187938,1.9570421145550176,1
6.019171341523576,-1.1900151974093989,1.5079425231299355,1
3.705165179120704,0.7277562130460329,2.043834938048424,1
4.778304445569622,0.869758984823743,2.0516570696942673,1
4.561921417070822,-2.193413799118093,1.4668296124739284,1
0.19474805330423653,0.16356523660607483,1.5830735066044779,1
-0.004175052093826376,0.3006585626373329,1.5905757503491733,1
5.156816003032096,0.11738357539369326,1.9480339744287904,1
4.0915853060940455,1.2937144438654504,2.1459770309192994,1
4.78853616094026,0.5633751743158586,1.9752177110289504,1
0.4106038480692816,0.6085652824909588,1.8048427298016319,1
0.04081171260958749,0.8463922537550662,1.8057981463866843,1
4.578807555957894,-0.446551044315323,1.8593815023275706,0
3.119550254778035,-0.5652084431244792,1.7896148706043917,1
5.3732581342247085,0.010820911546674417,1.827433412566184,1
0.0987769400218549,0.07121668323159315,1.5630529414438368,1
-1.1423613855398485,-1.4638807675864507,0.6786694746002738,1
1.5849702082880746,0.15544465262058837,1.9406228497823104,0
5.778088417900773,0.17240896389642246,1.766534874885183,1
4.429488273848165,-0.07394745501459243,1.9649151403033358,1
3.24278447799692,-0.6658382005923292,1.9090269012230374,1
5.293883787867837,0.3112435548975879,1.8945366829034103,1
-1.774205603430456,-2.369663119991473,0.11815155655430586,0
-1.3002160281057555,-0.7960918566629422,0.8216940496978682,1
-0.303440262151873,-0.6835656686244387,1.3146559053243758,1
5.498057748601864,-0.39722865646367966,1.6666938543487684,1
5.617909667937814,1.4092610824359368,1.928792273897242,1
0.22328012699795335,0.004286482723523208,1.4889602473034145,1
-0.23166976614727705,0.5552997228453403,1.6284681008355018,1
0.9915883610239375,0.5933384418471201,1.823329284436826,1
0.182009546497272,0.6038001100683045,1.7546441554467285,0
4.13204017990778,0.14873989442175167,2.050610317671541,1
-1.5124897467590461,-2.5292439365990527,0.14841739272102186,1
-0.604883093632923,-0.5504392712700894,1.0893936942010696,1
-0.30707090047011315,0.035266169778507495,1.4292657915781897,1
5.327633434091547,0.2546334186540856,1.9282762145605554,1
5.987511667329333,0.9059078802192347,1.9040819271411893,1
4.408519396839971,0.4817202191358534,2.1237152062806883,1
0.5330604089552003,-0.17566856123433458,1.6009094981082375,1
3.383273547829532,0.8426478901257634,2.2363858800432554,1
4.558066627826579,-0.4038426714973653,1.9085769753972348,1
1.5689363571476571,1.8052764253816065,2.3653626240239025,1
5.643824476675085,0.8184275325534527,1.864492815159613,1
5.703239315910914,-1.6076586290658108,1.529516923466319,0
4.383025115348622,-0.9752343063760354,1.7032878659540103,1
4.430729960052068,1.6470637534443469,2.182481048013853,0
-0.10869651746817252,0.5820464332319978,1.650985639044522,1
3.9059598172640078,-1.4312113780666966,1.4887085440440364,1
-0.6246019812606625,-0.38755314180680306,1.2285996124827452,1
5.608889930885476,-0.1821035887203565,1.9102511878590365,1
4.057813876169424,-0.4111604680728113,1.8436115739252292,1
4.893825787574798,-0.10894218044855979,1.9358912121475214,1
-0.4009793268674169,-0.5810031383690744,1.1289315309683519,0
3.054510904383317,-0.06438318313032221,1.9612883524950382,1
-0.11409620814978017,-0.3581159728414411,1.3831790134192021,1
5.1528330296713065,-0.3911588899181788,1.7686121435141566,1
-0.8372983901427505,-1.1241611388895962,0.9034547683655596,1
3.3587120207254593,1.5946084942809238,2.2309242003769096,1
3.390738787691779,-0.6354622587492536,1.8228940644556448,0
6.743097978281821,0.7342870383394084,1.6387639882726677,1
5.383629548296939,1.1466448520129453,2.065653514467563,1
0.15605964755588442,-1.4548142086763498,0.9969105429659335,1
0.7398196080432736,0.8935887344999073,1.8652973281287364,1
-0.29748068880900813,0.15539679149467617,1.5343436473148468,1
1.5058024677989983,0.8197318543037828,2.022217824843505,1
-1.3383451765996777,-1.0424953804689838,0.7248172109976431,1
5.099273848988432,-0.4565150632115468,1.884791266648999,1
5.884153929954207,0.26547459489231867,1.8755460930417853,1
3.9209786657447063,-0.3886569707550119,1.9634903763001061,1
5.722801053398563,-0.2437817583040457,1.6879487725564657,1
5.771290725485833,-2.515056615727658,1.3023047645720305,1
-1.8587938183629857,-2.1876514761629986,0.1357840926693035,0
5.955650480160394,0.6579691428088721,1.827853530175852,1
-2.3515261401723486,-2.167359186064378,0.008929021268754282,0
5.670841133940514,-1.0769026031944346,1.6726063342968653,1
5.89055486740713,-0.17542618411185823,1.7807328926951944,1
-0.05793050478551229,0.3776308101244823,1.5206781188508027,0
-0.45749493551118126,0.23799899308689454,1.4565268533258895,1
4.096977471785749,0.41656366146709634,2.127167701213618,1
6.6519698259421265,-2.1545447923876013,1.4150088415585813,1
6.214113774265836,0.8647375642089055,1.8880599047461712,1
6.208751459167555,-0.27156682278468636,1.732684913860538,1
4.719580146759288,-1.3716074267904244,1.6112719289957684,1
6.255306485944412,-0.3572855281913059,1.6779105184031313,1
4.903681124121743,-3.0987310935425922,1.2324810832964088,1
5.435021882879215,0.5627137861481819,1.9367242830692117,1
-1.9715840691276816,-1.6272844188964302,0.29161084821924593,1
4.9135190618223685,1.2660291707941589,2.0610143563233283,1
0.199899976177222,-0.06862334375543395,1.5415851110638248,1
5.07927863542483,1.5377497310120618,2.061237557405476,1
1.4358053256438346,1.2654106952002195,2.1045013565304482,1
5.3191996481715105,-1.9224122140631754,1.4713803940941612,1
3.6948635109009103,-0.30328894626331515,1.9671424685007182,1
0.1992462819403666,0.5256736721539224,1.7062979933416869,1
5.320617156597002,0.3117827922716799,1.9091765903728666,1
5.179218646888144,-0.051464514030930095,1.9093349073408963,1
3.1916555123374857,-0.5150239720324686,1.8919383971352346,1
0.3872618718565375,-0.09151237176928789,1.6212295597422175,1
3.923914976947737,0.9035193875258046,2.1316666692699355,1
-1.2784926219325266,-1.3013051960380524,0.6849837508777705,1
5.85424941789879,0.09877326040760964,1.8408483031746343,1
0.5944276451602896,0.6210532555832068,1.8107431839554575,1
4.458404727153074,-0.03568542167515276,1.9234013892291275,1
4.335867992208818,0.6928804524191923,2.06434374331597,1
1.0323082170529982,1.628049447653353,2.221894520906131,1
1.292623927346835,0.9747977241104782,2.0536256205981207,1
-1.04998826253699,-0.7967612365545782,0.84574600428888,1
6.229016193831981,-1.1938493558653889,1.6049554308910774,1
5.050142743714343,0.4898033411055216,1.9984763986483707,1
4.745691279932093,-1.2438490609783528,1.692771998551796,1
4.513232905607633,0.28856831599760635,2.0001801633291065,1
-0.4292545834729198,-0.4978571810729666,1.3249243306035257,0
-0.6886730659035353,0.4770055201842115,1.4051407305414747,1
3.852472528288307,-0.5983752874836584,1.826483797810847,0
0.26917477434701287,0.14862899537121096,1.6532186634436563,1
4.01132509104881,0.7358387461555309,2.082224985515482,1
5.906514810093007,0.018766661933310835,1.7229732243988065,0
4.90282882832355,0.11354582351739415,1.9657326619757158,0
-1.6827907080789717,-1.808266053909453,0.2720570042529166,0
4.375826536449933,1.1459518931224093,2.1266838097232315,1
-0.5746677996224152,-0.3747750682304574,1.2577223174083842,1
4.616560224743014,2.8687758713275135,2.29024651295613,1
5.358264246411484,-2.305128455424501,1.48177583717188,1
-1.1686712598311029,-0.6729883581570324,0.9217723516305244,0
4.312509244512843,0.5482661560115791,2.102885627105749,1
3.6211022888377817,1.5048120441305488,2.2673438907011536,1
0.6618903801377559,-0.30259117491464504,1.5598599805858464,1
-0.709814914830083,-0.286647452096333,1.1835785659353282,1
-0.30504792803935527,-0.2648066891865785,1.3494465871879502,0
1.579717042544193,1.8069125839472218,2.2020662930866863,1
1.3638255563110628,1.0593813190804644,2.117279909542549,1
1.8415444349732673,1.7248425397358436,2.282299668493106,1
3.5768361278185425,-0.42641143120424896,1.9240720945734808,1
-0.05614016426567947,-1.1818517164315079,1.101465363401898,1
0.16981590505707803,0.2871673091600948,1.5807656826011067,1
-1.587556731845615,-0.4106616118513128,0.8871338238336135,1
1.0485742723058886,1.1338918905969833,2.037336310267841,1
6.268628186295694,2.611412267797722,1.9244313605972725,0
4.89008567333245,1.00073519735963,2.133337498505072,0
5.737158109658222,0.6231314426009468,1.9464459462746784,1
-0.5084377244431919,-0.25406752847990705,1.234722574816948,1
3.3274004306554614,-0.8260810828690748,1.7838750787060405,1
6.511872788346814,0.8238793952313341,1.6423514151890097,0
2.7597350239041747,1.3196287512533353,2.2713302775746933,1
4.857129446711507,-0.4168072042647083,1.8390740217505293,1
-0.8677349561525505,-0.49166695434701846,1.084004982472239,1
4.2539347824617595,0.5558648728064582,2.055823373867811,1
4.545756288270144,-0.676577797936844,1.7534326080569098,1
4.284234355768251,-1.1635030801993103,1.7198221052010323,1
5.381247529158469,-0.26115554862917234,1.8780227035816937,1
5.0089011888542885,-1.3461970479095318,1.6099276661506794,0
4.959891294452987,-0.6644553767919694,1.8173255026650976,0
5.95457636270117,1.0823453885754377,1.8967394728910225,1
3.6168532317414246,0.0756784760649547,2.027334633736169,0
0.672646651503029,1.7230963040360328,1.9541118110882447,1
5.0934326142955735,-0.6356020286459649,1.8228106012334444,0
1.3930364048667245,1.4428861293441226,2.158482004414505,1
5.3717146011206625,-1.4610813231868942,1.6522131852042057,0
0.8815114889749572,0.9375996486687813,2.006294675589734,1
4.1087631647812,0.4845774311772696,2.0034089740170224,1
7.2368534502356585,-1.672950570572048,1.4555170178259995,1
5.0942850528234285,-0.15012150176415323,1.9285607630661739,1
5.533481810949918,-0.44305127679504736,1.7906710792171918,1
0.6708947753453697,0.5493305155091864,1.9085272018359793,1
6.131242452078833,-0.8847193311872693,1.6338925268288105,1
5.83596187383973,0.15029832614135247,1.7824527564617756,1
-0.17954272410796407,-0.7564473892434698,1.2403468385220735,1
-3.5181149316547717,-1.5627950073260983,-0.3935865362137003,0
4.6969037140259715,0.6645384042231166,2.1204981381770067,1
4.936727540673965,0.672240911040626,1.9825945492818913,1
0.6023169441066806,1.271085367739694,2.046658302430872,1
-1.1242102904566222,-2.031950778781856,0.4690270631616933,1
4.706795189249115,0.08185365689498542,1.973729999370638,1
4.578804784078449,-0.3389824809374491,1.869514961901841,0
0.39072904110844026,0.7551411768758653,1.9006345330847416,1
3.4868201663941347,-0.009715364219866962,2.0417184420491985,1
1.3201954509174474,0.2670080366111097,1.8551957933012608,0
-1.3293240534888398,-0.10506172645054246,1.001919567266638,1
0.655983281972612,-0.3726057317064172,1.5524060467019747,0
0.4234026561321267,1.581476361795512,1.930641617424543,1
3.14186443110678,0.5399037203217575,2.0862805176339942,1
4.425378505924256,-0.0334128813987819,1.9354118956459905,1
0.32447813983025925,-0.30738714447486654,1.4919421688399985,0
2.1916168927953548,0.9020482629735003,2.12266734509269,1
4.883766541172429,-0.3405294404792944,1.821565062847208,0
4.0062323270670674,1.4789712926503182,2.197161071262764,1
-1.0556482704610057,-1.0268349453557306,0.8663469218690145,0
5.013909929777908,0.5195832262983495,1.9763764729456739,1
5.665264491863768,0.9887446101525543,1.9371418886976877,1
0.708002617522028,0.5795325231828357,1.7631646337161133,1
4.486008390720644,0.9090021766027684,2.1460739783708305,1
0.3917839774138206,0.8707108932751813,1.8714392939632316,1
7.951609931426798,-1.4702365390974175,1.4939694468419247,1
1.4071964440835494,0.6243492440507262,1.9998005269603607,1
-0.4211646589447011,0.8280561144671108,1.61051706303519,1
4.194889069845662,0.4539617528832379,2.08607647248061,1
0.3574329014465184,0.5312545062008521,1.785343685719645,0
-0.8593656917108898,-0.6287228379278462,0.9978165588524361,1
0.8077863779983644,0.7269986962354938,1.9244172260090442,0
6.28632847768196,0.9538967720657792,1.8355989233816117,1
4.139904645884129,2.6226085170869524,2.2492618250700023,0
4.6028400053570095,0.43404064768481065,1.9589449563290318,1
3.785577507493832,0.632824141593084,2.2220778193057553,1
6.439846432581924,-0.2873078654309744,1.636138666130735,1
-0.5855943444624062,-0.5446326358595789,1.2158075661614922,1
6.087611272755853,-0.1318736726625282,1.7077688866191125,1
6.386384844921354,0.6433735930636202,1.7887838078663199,1
4.879878541479397,0.1774189041213152,1.9472512274535205,1
4.47108166119812,0.48253202687914787,1.9826496895287646,0
0.1903752327658754,-0.6123120407426713,1.3218788884590158,1
6.789133903391637,-2.8984108651593,1.3282986699026018,1
4.332474989397765,1.1854802104943332,2.155392939481149,1
0.41180755959275006,0.12152211303307456,1.6548742705805337,1
-2.684410821644028,-2.2849463285638674,-0.2453480623054321,1
0.17021010569475553,0.032077650335833055,1.5071689637384165,0
4.1415744608985,0.9564864624812135,2.1329352563787456,1
0.3540444603640247,0.027430819721507682,1.583979906483748,1
1.2580467821598136,1.4475801650180729,2.137234845259164,1
5.856414817203961,-0.00993595909838757,1.8657945619421252,1
3.2939908081545433,-0.6134588054024198,1.8211157571888354,1
-0.9691958619596708,-1.0314940081844792,0.8574591239940864,1
5.4892248160020145,-1.6904798375460528,1.6543005368868315,1
-2.6079453378776614,-2.1914257766285323,-0.16030897536159355,1
-1.2186399996419879,-1.4224533163047304,0.61653675988059,1
6.150782966369649,0.965277577068202,1.850865882102029,1
6.40955535868865,-0.5619040461690846,1.5840416273849065,0
2.9072559654332912,2.7096703129589454,2.388002812078916,1
1.2125841286550425,1.6939631093206218,2.234439845319524,1
-0.41688078742478596,-0.08418423736838068,1.3508573555386159,1
5.02619037913536,1.3433079306549538,2.034672664767757,1
-1.5736676497796085,-0.8329904445760448,0.7354507223043069,0
4.479111646292587,-0.4174492374260372,1.8923947237943302,1
-0.409066779442596,1.1624918370818176,1.6835009007576511,1
0.8190223335247242,0.4303076988654664,1.7806244237357534,1
0.7980378190736935,-0.26382231070169493,1.6333726220684481,1
-0.40337273067948204,-0.8091400758277334,1.1052563028628208,0
5.733958795063592,-0.15524561571369228,1.885934391553232,1
5.32789162599632,0.10239224135734082,1.8270135732644064,1
-0.7816053261138441,-1.1862748518894644,0.8596930255229591,0
5.411404516029186,-0.014830751730833286,1.8248786119891638,1
-0.6665119619001313,-1.2977745155121179,0.8790325413638873,0
-0.7065516301427165,-1.0987914977493027,0.9077178603782426,1
7.153384280061923,-0.49414228578608865,1.608434995236107,1
5.042661362075,0.49343961183415064,1.9485378972171343,0
0.25893632820296153,-0.5445131351852878,1.3990349366706503,1
-0.2690498874054262,-1.1663780780238462,1.0843951644270344,1
0.30146104860584116,0.36093447481332125,1.7216391100545352,0
-0.7479030713066724,-1.2273650141418082,0.803908362095376,1
4.258851418899725,0.10982865672927916,2.0457224765448507,1
6.763453984859009,-0.4591541826598753,1.6396602796701973,1
4.178882507350169,-1.0039113965130075,1.6223608487270298,1
5.021753878802444,-0.02928301173453794,1.807948603297168,1
0.37716826639181006,-0.6965525711030565,1.475075794500346,1
5.279851859385673,-1.7225902141727507,1.5392673758705082,1
0.26403805461423235,-0.22106096516894952,1.581542276678553,1
5.742715978257743,-0.8848041879438625,1.669275668108967,1
4.801117584148266,-0.9277095038091734,1.772168482500907,1
4.883295001772129,0.07577911798905682,1.933151122947511,1
0.3548048252767896,0.4747880025358441,1.8406322962330515,0
4.597594862068532,0.649234930781654,2.0850506866190663,1
1.0751653206059686,1.2670477186296516,2.123531000600747,1
5.590242927868094,-0.9186473947492082,1.7602171551054127,1
4.558944667200761,-0.7612487621060817,1.8047413859034713,1
6.658828742520514,-0.4875170907211044,1.6401213352123831,1
0.824255439518314,0.5579495791358776,1.8728166684114587,1
4.510695617844913,-0.28125522574775724,1.9687631765822824,1
4.175271444255376,1.4615829978381594,2.100818479108005,0
4.4671849594494155,1.6722683332746882,2.1994680680041556,1
4.95852602347997,-0.3601489962320028,1.843998026545046,1
-1.0287853011906472,-1.4410947293837948,0.7359134380907971,0
4.385311211809186,0.9868893377789743,2.1412262650369565,1
5.374515835818922,-0.08352683031134725,1.8551927014663798,1
-0.2596410364137515,-0.9164953957959829,1.109984802020904,1
3.3068901540202704,1.6009918503520608,2.3303306317789443,0
2.2307295083339054,2.7620694040068856,2.357686587962469,1
5.967519167978303,0.3982470887795222,1.85939930271127,1
0.28377899418341546,1.2860428055131383,1.9974872543513593,1
5.637756490831537,-0.4033106064716262,1.7503279057807082,1
4.299848503052187,-0.08168968894089457,1.9479893221218796,1
5.716369524407735,1.0866005572616169,1.8180284393810933,1
3.748253214069363,1.5667031415404538,2.2735886642344,1
6.008890619305343,-0.6835076653141605,1.7543400865559158,1
3.3153101408923495,1.043529617229948,2.255124768862052,1
4.09233039323808,-1.0595535057538914,1.7739975628673017,1
4.526458780034699,0.564598858075154,2.0949392539282674,1
5.495380927494132,-1.4064863597564374,1.5347046196676457,1
-0.33672509028117764,-0.406840836952124,1.3371956217207968,1
-0.13330013864480844,0.6354354178639594,1.7021924690913026,1
1.9126537193972837,0.6735494999731788,2.000679704183112,1
5.457582140219021,0.4614690097088574,1.9261169961650935,1
5.153423584063505,-0.2912779305013566,1.7820118347051705,0
4.565546108779318,0.6384184226928853,2.0665124042694396,1
-0.9061029429128563,0.38296238479618216,1.289626762244981,1
-0.6299941418218855,-0.509175938406023,1.1716848546762642,1
5.023652727637881,-0.47136601980210796,1.8375787047440757,0
-0.42628535831933495,0.38968289810561946,1.4244701370407038,0
4.8204944761919215,-0.8820817789054981,1.8006003172166927,1
4.921663234434753,1.9168585160186997,2.128132910370819,1
4.566684888736659,0.5152732643209033,1.9808472645592141,1
4.741016819240019,0.14454904735763685,1.9628497123861814,1
-1.0266389394529558,-0.3256498624766599,1.0244310237212824,1
4.23388532584241,0.21949507494074166,1.9226704874483216,1
-0.012730066736183515,0.4900573133217013,1.5970820156196148,1
0.6631014500622174,0.10476152228159552,1.6710554767821622,1
4.795360790112257,0.1706875383875529,1.9116384222378533,1
5.357292556004475,-0.18151906235086715,1.7929607364882696,1
6.242773085574484,0.509391020453841,1.86715040196921,0
4.282561345720123,0.5833903089936897,2.098254355540433,1
0.28172594878342505,-0.9613133231337082,1.2691508750992495,1
4.2487527030999885,0.037780371864204465,2.0161541785192876,1
5.043562700171993,0.5376445635245337,1.9385812474446087,1
-0.34559783725389936,-0.5975969280574485,1.2561945997251864,0
0.31663707061011687,0.12428201222840525,1.7523240402199387,1
-0.9303320752587808,-1.4361746201234724,0.7499466485396067,1
5.071646898768375,1.2878122456421703,2.0479642305314196,1
5.095813181198395,0.6491886767434084,2.1205568146364375,1
4.382184134583962,0.7078313890319251,2.1454302767441664,1
5.457156395858703,0.18098074724753968,1.9254362857524758,1
1.6835298108280767,0.41998946412657856,2.070658487230709,1
5.108986399296867,-1.589944055607821,1.5636549086138323,1
5.148795084430907,-1.0819822034759472,1.6870382033181321,1
5.817721061608151,-1.3154662929721288,1.6395422814712208,1
5.3172146440796935,-0.6462316230558466,1.789994117647353,1
-0.5391906780775101,-1.3383413599056384,0.8809846875406606,1
4.315022539184055,-0.6226910151947825,1.9216633766674098,1
4.629331636376805,-0.4121749830242547,1.9204262407595276,1
-1.723945196757295,-1.8524561481472221,0.31941750030405647,0
1.675690016141714,0.9603115954304946,2.143902550174841,1
4.775675548784101,-0.33372123276595395,1.819291299246553,1
5.406281731165441,-0.8017073368509279,1.7851499263340866,1
5.202188387351757,0.07697766846568077,1.8534086987778848,0
5.8128248161135,0.13127681805765407,1.8305652840836648,1
6.016053081580732,-0.37894092666785245,1.7450245572019059,1
7.606565399941627,-0.5528149279694026,1.525483891377593,1
4.143054223489504,0.5800733198420773,2.0333438167173306,1
4.790093693334196,0.8181506734342752,2.079454825186709,1
0.8247971975774631,0.013270124057845445,1.717028459488866,0
0.1468367157680135,-0.3124002098581613,1.498107019552712,0
4.645686941519055,1.471872856824541,2.1385501142706667,1
5.290319709249957,1.8981534191463518,2.1486934952430343,1
5.4818125208873685,-1.112810508906871,1.5970745894428937,1
4.850548639667202,-0.157867386879189,1.9028309123028637,1
0.0512558208553337,-0.34722540425432286,1.4745538903237574,0
6.535742479908228,-1.3530740578127674,1.5883587361853546,1
5.250181110699233,-0.2796480860348873,1.9231063779171058,1
5.319776651902979,-0.10085637343262722,1.8431219978518816,1
5.14883362678986,-1.5099345210608464,1.600662074379319,0
1.1921369563628204,0.8917401531357892,2.0064451450948897,1
3.177139008473839,0.40745281047749005,2.1301258268105836,1
6.059660796163114,0.08800951224816378,1.8206356622682616,1
2.411618128194562,1.460534223856875,2.25049356785142,1
4.8109548146161085,0.12470150504503946,1.9870846885540872,1
5.111277698900104,-0.20970712549580367,1.9566579506071198,0
5.12207583047917,0.01155970137719918,1.8404424646416808,1
6.69283284352217,-0.08687791989949645,1.595473962612966,1
2.1938836136306192,1.1836287249517152,2.2412434139161777,1
-0.521372970642294,-0.3862299485574961,1.184112589547889,1
6.499554928100473,-1.0241274109304757,1.6095699536624124,0
6.27466804219551,0.44000804713202435,1.6832337378181632,1
6.447031142473378,-1.0178643938879965,1.5844691948404266,1
-1.497033628612453,-2.820432190048141,0.10728543273144081,0
0.44750390787834393,-0.6330448052919081,1.3043658253686201,0
4.5340729573749945,0.5994332014061362,2.0298405758957214,1
0.9374031453709851,0.5472716542203407,1.9061725742621058,0
4.664360721322037,1.3847494293829845,2.19148900863385,1
-0.9357489551509621,0.2209291576309888,1.294263859152154,1
3.5626679092022004,-0.024749184537022684,1.9529872740553103,0
5.847664014610057,-0.17482957593398685,1.7908286915944034,1
4.564329498497593,-0.1571482445536082,1.8697088022478765,1
0.48893347856706537,0.7433416591466055,1.8776444139043846,1
1.570467968104581,1.5435629877857624,2.210639905740781,1
0.3990836274377759,0.2658335374481742,1.7456029233938746,1
5.510381758058811,0.8695552486302758,1.952851381607603,1
-0.875450959975882,-1.3032996756600992,0.7340296207247172,1
5.718602640037332,1.8778261137916767,1.948370332132671,1
0.6045883757716792,0.701220248962942,1.8329362287881918,1
-0.6044115323743597,-1.0700344807548494,0.9845835110100231,1
-0.5453498053901411,-0.9306066647701441,0.9403857216480244,0
5.150276334540265,2.238036716864122,2.066793401082185,1
4.748653041532484,-0.48002338031798725,1.8001416240653345,1
3.2691775269443095,1.176465241793048,2.2281845788448233,1
0.43620953269413754,0.26848760099695934,1.765616164600007,1
1.099566497606566,1.223353595486964,2.0542325217934225,1
1.5661967064028728,0.9782701027469183,2.103200398795336,0
5.633745722327854,-0.0591682215267621,1.8486190476357176,1
0.3981731128103776,-0.5313641854735577,1.5536678974018243,1
5.395153400445395,0.6550403222005513,1.903592146020126,1
4.944564012704365,1.4071081213927201,2.018906429408651,1
6.308154534085558,0.63306755397209,1.7976023098567586,0
1.238495039090122,0.9009508565678296,2.09457948476058,1
5.412898543163648,-0.8495363534553135,1.71823999316774,1
5.479699476298613,0.07878030373968378,1.9257923070868406,1
5.176649490031988,1.8959872637073492,2.1382238623663756,1
5.314617510652355,-0.06766519627683218,1.8165898184335518,1
3.33355756863335,-2.0475955276926325,1.4487344908951405,0
5.006669651210731,-1.4330910117835065,1.6621555091529838,1
0.33106001048149164,0.2159571044250253,1.5650194667917678,1
4.588817964668782,0.10097048319997551,2.020934349402987,1
6.196380984633127,-0.1094632642015807,1.693681800125571,1
1.47542577769915,0.7914921760824049,1.979103721111893,1
5.036590179463313,0.42220380913471,2.0038348803717128,1
-0.18712196324114763,0.2843934063099415,1.5805719003166776,0
-0.7843159139584261,-0.09498387484443443,1.1759017410995067,1
4.973846822541052,0.5227805768611099,1.9171109454575495,1
-1.3228198145591785,-1.5321321908499501,0.5905480432104929,1
4.487684342548544,-1.2777163615779417,1.7027031606483474,0
4.422459700474895,0.5227091883904952,2.0750417410110122,1
5.555240665563192,-0.6286224684861881,1.7200996576668075,0
-0.3218179162754364,-0.1025541397849788,1.3535263289545807,1
-1.047472133567866,-0.4099303800970166,1.1186343122833344,1
-0.2875396920605,0.6125783150111065,1.5514945613869244,1
4.681142211487326,0.25624892005431543,2.084841404465688,0
5.213721786114627,0.4200560440214831,2.0098913239150495,1
0.7363468038568101,0.9141260978073492,1.9406086250632613,1
0.5016895474373748,0.838773445449055,1.8644476809709487,1
6.421042798751605,-0.18947208129073323,1.749193458403021,0
6.014466522003946,0.29064052204147117,1.7830751195084862,1
4.0859642647828345,1.086158718617204,2.2199336081701952,1
5.614438048947625,0.7269366201514804,1.946170969429446,1
-0.9748915186343573,-0.8489069177663063,0.9301523051228405,1
4.534083085038887,0.8464846133199839,2.047455016042395,1
1.1404274403029235,1.0630876104782956,1.9974802962913747,1
-0.5541433516053751,-0.2536053915742914,1.287371096032872,1
4.1374734576683405,0.5586297192216179,2.050101650869012,1
3.0551662364805354,1.7663483489762322,2.4118069293309556,1
5.369442690131031,-0.17099874346381705,1.809349880539101,0
4.111590674131337,0.772541228356287,2.124940268908923,1
-0.21216423030156256,-0.42995702421700716,1.290324042543469,1
-0.5297583410039158,-1.5113488111399023,0.8063272945078649,0
5.244905104776738,0.49958300745921425,1.9386792301242821,1
5.035025775503589,1.0254921505501962,2.0186992617267863,1
4.110816517030589,-0.892334318672038,1.7848120175328936,1
-0.2292644132646367,0.32365659231998484,1.6025631271795338,1
5.348080533558503,0.46626871098106354,1.9045135700631888,0
5.9248499463428415,-0.45683272239859984,1.7607711698197186,1
1.863917881105691,0.8527965962778309,2.1201621111930753,1
-0.7886297956274091,-0.10280101400250313,1.2425793316503924,1
5.246171165505993,-0.6166723570348621,1.7599815124721707,1
4.3580867582603044,-1.4616081951449362,1.6747351886601791,1
4.914174998759149,2.2398824493301452,2.1982687626818143,1
4.446229916587026,0.49458706301704985,2.0199699454565585,1
5.502025334126146,-0.5977606710873126,1.800301272006724,0
5.612607502392469,0.6772579120939247,1.9609554222056746,1
5.472820501254643,0.43935768805877334,1.940236874397703,1
-1.1531632517156472,-1.5668720989019826,0.6187454202625016,0
4.128395103229127,0.6674175106378473,2.1458676096692506,1
5.775908880307076,-1.9373808659423346,1.568280006321435,1
4.726605714585624,0.6234740316691672,2.0650386684650592,1
2.577559961373885,1.056257289598097,2.241611034144974,1
5.241006823500243,-0.6250541994517885,1.6898736473108387,1
0.1368084955793,0.030381945124081607,1.5505365424746747,1
5.140321296176505,-0.3504958491097492,1.8401300950683621,1
0.8422225464674691,1.003344233375105,2.0592247238101886,1
4.052869584103607,-0.3740722039760776,1.8937793812177608,1
5.29767801468748,0.35132005807015854,1.9996543541098664,1
-1.6920660981528728,-1.7904419307128958,0.3982690081098352,1
0.4670371556276736,-0.08078487344175528,1.5009651067861025,1
5.8424165324946395,-1.8933150018388534,1.5046453522595804,1
5.775022815267227,-0.616569475608167,1.6875759674618398,1
4.298111193396861,1.3588630941759223,2.174256394566181,1
6.342510769373732,0.05084093579747684,1.7104326246949069,1
5.9523124337615325,-2.051220717546207,1.4985190530957704,1
0.6189286661894792,0.8538754218920718,1.9539053556750212,1
-0.13934617492488205,-0.4607518078885596,1.2605679229625684,1
6.39609227798342,0.1934633205836911,1.7636725011152588,1
4.924055488739622,-1.918059939048129,1.4972697818197946,1
-1.5317291232883323,-0.23398859017747842,0.9368721429060981,1
4.943023945263927,1.1563108009184937,2.101038092258489,1
3.9522507474215036,-0.2149465186076202,1.9679822495109585,1
3.4262916213314956,0.3130306248789656,2.0742047364333436,1
5.306424979561112,-1.5437608534348857,1.6928958570848982,1
6.037883177151967,-0.07804240400039858,1.776328145734249,1
0.7202479839922935,0.35366517956790716,1.745466413748251,0
6.141849662807418,0.7397684650434186,1.8254280248475905,1
6.906939579607842,0.07186981092852196,1.677349824085728,1
-0.6594681103721508,-0.09508944857832391,1.2332145502430685,1
5.828410340758956,0.7119932002825811,1.9119106709898623,1
5.796142641395105,0.14887829943538344,1.7649338459211492,1
4.47462297389871,0.6329832938390253,2.0397439076246187,1
-1.066909912971541,-1.381749314513184,0.7757022787779171,1
4.504059666879539,1.218536132183448,2.044932563000014,1
-1.2998716697450927,-1.8362290643067412,0.49503729416603565,1
7.459779976288537,-1.523983901511865,1.5317186421336253,1
3.595088461658653,0.402382944792519,2.034383312820144,1
4.953661363452059,1.7307946721466156,2.1130969111963354,1
-0.3097234357643961,-0.35032220194270747,1.2411963463424465,1
2.9909872106282194,2.0887133203249713,2.3703806912508587,1
4.739982361981906,1.196825413064319,2.18111162687547,1
5.171925154311093,0.8800034925997509,2.1033110365922525,1
-0.8953380765866932,-1.5210213642818826,0.658558781279407,0
0.642835539789391,1.2738292334643972,1.9719748183058468,1
3.886576892614724,1.6568479016116044,2.2502799171518193,1
4.790552982165568,0.32375419206091316,1.9579695064582983,1
6.2592867180227865,-0.6118705824876929,1.6429185469187588,0
-1.3254354918296771,-1.386207076401162,0.6586451331866376,1
3.483582648151737,0.9314774343861263,2.155109396858305,1
4.147419812127564,-0.9116073105856277,1.752825921556085,0
5.7986045726464575,-1.4204867420563447,1.6243423115214275,1
5.023492160958713,1.50397439921427,2.062836552683001,1
0.8783330410949849,0.7304414271354481,1.9557135483554338,1
1.8909187191202803,2.3005628536536,2.432275242924186,0
4.338644431437999,0.6762914351516975,2.04788175196751,1
-1.6957292865198772,-1.137308040267118,0.6471352907046062,0
5.889863195700104,1.1980001247979677,1.8709018582411976,1
3.6279992685959206,0.8577894245505919,2.227944867979566,1
-1.6102507188406567,-1.4261298206130564,0.4616783338549494,1
2.555032185906617,0.23151782384786856,2.0723506845805164,1
0.8279258757508403,0.7016065627850103,1.9418364947173885,1
0.457499191243346,0.6325003673675342,1.7676036236192716,1
6.54491101523731,-0.47787567204330794,1.632982188456301,0
0.013647123874061196,-0.5049592687344427,1.3544696671927823,0
5.258934121488701,0.04829431184921905,1.8916006056361088,1
0.08909438216379977,-0.19240776096647033,1.4510522962782597,1
6.070327495370964,0.579797428700238,1.8644405691336718,1
5.059127273171879,-1.6451262260527273,1.4938745277754149,1
4.549809992626552,-0.7210258807930098,1.8571866437644386,0
6.766076157716001,-0.8856735215478484,1.6244128246921377,1
-0.8486123227316928,-0.9168208918835832,0.9383052150603698,1
-0.4417719894105716,-0.8335554127369047,1.0849659873005286,1
6.946942671796674,-1.3423168257816789,1.5275703937566565,1
4.180631519572572,0.27224217169214177,1.995362548406385,0
3.72751850545737,0.2711231837499384,2.003354367261155,1
6.2384329285073825,0.5153111291064544,1.8227299048523347,1
3.8581374164011115,0.2969550042029737,2.109848885813532,1
5.328042375348852,0.8495238571745325,1.988167841506474,1
5.405257990981225,0.8748049510950192,1.9419472135071223,1
-0.7181034760677996,-0.49511810086488484,1.216074781657815,1
-0.22958572633567176,0.15817691462472222,1.5650998912949494,1
-1.2068711006670232,-1.5270404978393666,0.6946742804605033,1
5.009740612008092,-0.3053274188812107,1.8168958678444513,0
4.492414232271947,-0.5663715830294903,1.8394780896681797,1
4.150262349973154,0.07872641641761413,2.024493077790279,1
5.371445893985039,-1.5225028238508527,1.6633836098164254,0
4.176911171998002,0.38193975320852447,1.9961127147185302,1
-0.041529268480327786,-0.8152043721739627,1.1791302123087932,1
-0.1117551784187815,0.02668516415385501,1.5037730259872275,1
5.784617679026309,-0.7745427638343889,1.680482347217394,1
1.1494088657074764,0.34001844427251887,1.9517071691496437,1
4.800494872636515,0.08506700543041959,1.917108637042204,1
0.5180020918275143,0.8463915514706903,1.864152134438964,0
4.453487280943378,0.5277203064569264,2.011773037416619,1
3.129435953935006,0.2828922212909397,2.000166060645179,1
0.8684472526228176,0.8312004909862073,2.0078320467734825,1
4.871980767270225,1.0014414639979197,2.078766532683386,0
5.803585304149229,0.07188504919405142,1.729017609044381,1
6.074865818077474,0.7384552116770715,1.8671658801936737,1
5.014391324616565,-0.6674364438160124,1.7477240677998132,1
5.17566077552706,0.9919006740831651,2.0129612346761916,1
-1.6099041235656137,-2.3628383023351525,0.19643387962537842,0
-0.06758325282546636,0.19872305183177275,1.5524466081892234,1
2.5009024924866843,0.002621777156843308,1.9348640956803274,0
2.2239375705584536,1.131823275285837,2.2518115652084156,1
-0.6739131513501754,-0.14649807448265273,1.228614179213635,0
4.618217618407696,-0.5088964959661901,1.8979452718067993,0
-0.2674161715725919,-0.7502855381321353,1.223381818952324,1
0.12484281469806374,-0.5488308063971605,1.3303765112836834,1
0.38780308355506504,1.21005280493421,1.9095166920985984,1
0.9021279917127565,0.06244133396207224,1.7677841989069931,1
5.8088874175885445,0.6389909881058278,1.820619579042888,1
-0.7015750756385386,0.30950416025551686,1.3537935766194504,1
6.685150187731452,-1.315208936286374,1.5501245830882608,1
1.361276198294684,1.0602775993847784,2.1662341572663792,1
6.400154348590744,-2.0655515247101963,1.422257017315024,1
4.494397320980989,2.573651886600094,2.2128956374605124,1
4.705542357769675,1.0274914277853595,2.128429668413035,0
0.2289106086090255,-0.4087098442267108,1.3625010568806948,1
5.407054574932802,0.6348138128444637,1.927891946215061,1
5.242647988064324,-0.9270391024600537,1.6913951953021762,1
5.560351362601904,2.0334012791974683,2.0270882514254267,1
5.329033461636901,-0.4171694108837945,1.8495734926109666,1
4.658972159964033,-1.1528677476133133,1.6529491401926724,1
4.336824273644284,-0.04644075337780612,1.9862715663472688,1
-0.7399765947336561,-0.5217867190810686,1.1073922414162762,1
5.014979159192731,-1.3838663206288646,1.6223313790592346,0
3.883889775429334,0.3754659293477079,2.096324274798069,0
3.8699063449982476,-0.41109632899111215,1.9068459542360279,0
0.9609287072296177,-0.35609359071784474,1.615030869986109,1
4.4514842162503205,-0.29549272095481777,1.9033579970084569,1
1.4727039467064889,2.105227805703744,2.32374765408862,1
0.8603375788482012,0.7590089798747651,1.9567719050313548,1
-0.8790041579563765,-1.1723277555106608,0.8494681831911415,0
-0.536848009695031,-0.40250952474009094,1.1942095340349406,1
6.023759276148726,-0.9329133495640695,1.6084186318327032,1
1.1089347489719004,0.5695458731774434,1.9313459129643493,1
-0.14166224097887728,-0.1044876358076231,1.4952390731892304,1
6.084307872908368e-05,-0.46321821968422594,1.290632851742434,1
4.4356970319107045,0.24703613176256606,2.0315603912316615,1
7.117050086772467,-0.6381171082554077,1.5623645678994298,1
-1.038931030329355,-1.4701693297435712,0.6092676497050237,1
4.392947250969109,1.64567509206246,2.268226735379161,1
4.562489353377542,0.9369287111963301,2.106981013675693,1
2.079000917962875,2.210944043545728,2.345726192790983,0
1.7363758435907892,1.5904036633158716,2.2534106294905976,1
-0.4640062231464944,-0.38832687951885747,1.2513996173041393,1
1.9327188579160408,1.1821334737554086,2.1967344954350234,1
5.378823304348098,-0.9710467250054244,1.772442935037995,1
3.2306608633636062,0.4773153278023091,2.093265922454742,1
3.4661488943561185,-1.1340273588461618,1.6954285891565097,0
4.799161322169428,1.1013159222367084,2.11903229395593,1
0.16316658334419043,-0.523329418031003,1.3763781096030105,1
4.583966521532401,0.4295022814616334,2.088928595358689,1
0.3198318948835621,1.2811751386552865,1.9467462545699292,1
-0.15620463356617853,-1.317346433734682,1.0481483365040398,1
3.890626662783497,0.62728732042799,2.0779731219948756,1
4.683917054196479,-0.5137177085413535,1.7956468255187967,1
5.662745263714684,1.1467031642130974,1.889445268623172,1
5.0954807462248795,-0.32639093805156777,1.811546580223865,0
-0.5751331891337315,-1.0486176860512788,0.9938080050831625,1
-0.24791381544588062,-0.328919238980629,1.3276832804504515,0
6.5357616688518,-1.1487505896474766,1.61608839787959,0
5.09869858429828,0.5389905585953758,1.914947367036987,1
3.675141812453075,-0.35629508865450943,1.9087989412002013,1
4.316732394455632,-0.5211426381778557,1.8377650894233457,1
3.081371581735104,-2.5428615706088205,1.2539953278246965,1
1.270346466828658,0.3652370428875495,1.9601364997323807,1
4.215976072696366,-0.03625088353377964,1.9468531746740725,1
3.393670786145861,0.13870915909333892,2.1689370915331825,1
5.706366856368028,-1.070657757135411,1.579673546421747,1
0.14663988017194213,0.4371156209025679,1.671256255767718,0
5.762074653542399,-1.3281431258510101,1.6478103144209124,1
3.9461836071448277,-0.3511943402960727,1.8770486047718868,1
-0.3957968175006627,-0.6258893154957655,1.2227848498390934,1
5.144479093060759,1.6856889823555292,2.0232179521923137,1
0.9114705723599589,1.5084536345034234,2.1575668953530944,1
3.1047129587642646,1.630698313013506,2.285761823924264,0
5.7714258141404144,1.432888007612708,1.9298871496074974,1
-1.1553859086490348,-1.340413122458911,0.6164169210615149,1
1.0994420576830928,1.8114533018056993,2.2111535164598863,1
-0.7435613026518176,-1.227245487275847,0.8613586771582966,1
1.16957286626245,-0.21738190783206018,1.783227503829139,1
5.515248231245802,-0.09673978999300178,1.7948649702628356,1
5.510324595047423,-0.690070504594578,1.7646139313302558,1
3.3558208247841135,-0.7078968923466422,1.836782373921861,1
-0.04631337598460483,-1.6929731314171739,0.8920201658831803,1
-1.3427744140474398,-1.2998639235033207,0.6153562815665458,1
5.641378632733817,-0.167804708618141,1.7879104707555225,1
5.4418164725271065,-0.016793187305319562,1.8666733778855182,1
5.780145391653182,-0.71297133385478,1.699574179966556,1
5.5042827995629295,1.625800545510858,2.032986276774787,1
-0.1591258661096124,0.01060343035421954,1.5750150970807786,0
-1.7363100171078862,-2.111750762745529,0.15069917242187064,0
-1.2375012081793861,-1.0181656168319857,0.7827041265890365,1
-0.7617536222941365,-0.35829870932018937,1.1292355995560506,1
-0.6363170917506855,-1.146005887446264,0.8969085828949752,0
1.3170351303603112,-0.1105531437796673,1.8556928467733729,1
6.250093818685574,0.19628039491886373,1.7752734536572004,1
0.5856829747075493,0.4733275409180505,1.838935523019328,1
4.73500453169565,-0.8282125415345574,1.705780502410145,0
0.317412151666167,0.7115293970230696,1.8816025012484665,1
-0.8045156807224954,-1.0360136604023027,0.9040070448225502,1
0.7912400718889997,0.7296162400687672,1.9286582797717118,1
-1.9424571256836316,-2.059844471973114,0.1763092239955016,1
-0.5600585749270196,-0.19301559337187366,1.2628629816117343,1
1.2336165759164344,1.4326572663514983,2.05939918692095,1
5.345137186022065,0.15850821469103138,1.9072815126250617,1
0.2880363478337937,0.010512216076973085,1.5469438119798506,1
6.592418061609797,1.121345094043481,1.7950770171195587,1
5.9807966328024165,-0.48555397304572,1.7566958824570311,1
3.4846835730966585,0.9488725290603522,2.144761283975773,1
4.924918559310716,0.9441943007722517,2.085280806801958,1
-0.5007603542826652,-0.8466896091729618,1.031297817269197,0
4.937443196448067,-1.1881247702560565,1.7151230646376334,1
0.6997448430948839,0.09508255996523496,1.6112961813107916,1
-1.0367085275770758,-0.6514388818575299,0.9413272167278935,1
-0.07702386267200073,0.12292865104670214,1.4118559408579305,0
-0.8403563233703271,-1.0382114646962441,0.8591961066044157,0
6.442870191044398,-0.11319873823475224,1.739753685872741,1
5.6882598698060844,-0.5820520623378956,1.753254965648383,1
-1.259220243992897,-0.49277476100441453,0.9487823717544595,1
5.190028642302156,-0.7430074183788073,1.7185466257404818,1
5.032579330074458,-0.5415543153030729,1.8425603659980356,1
5.231364442915797,-1.5206562257022778,1.5021227032937352,1
4.5248687017700195,-0.8078247910495764,1.7938410007076537,1
4.5851971346044955,0.6847384416659392,2.0628121333779887,1
4.095418049256495,1.0918330749958094,2.179310650663292,1
4.78253068832684,-1.1270354551212338,1.707154259865854,1
6.710790798682501,-1.2076214587033693,1.5209403624067548,1
4.3118654228141,-0.7046618729910273,1.8603251053157164,1
4.831397409283219,0.49487205810009494,1.9709833883462413,1
-0.32189537384032574,0.24445716981116758,1.48346707675573,1
0.2734702011244487,0.7400095472347437,1.8147861208957126,0
0.0018697576559927043,-0.3140690238642022,1.471428552769299,0
3.3399389257597463,0.3083475846416798,1.9948138893231413,1
5.095258719474171,1.2576567139652182,2.0348709980891053,0
6.537742719271544,-0.4729153946009428,1.6584759103867244,0
5.667171664182108,-0.6395887227117508,1.8228272527538993,1
-0.11927979848383699,-0.05372432988556866,1.4399358816158334,1
-0.4850612041052179,-0.6523379194511599,1.1585111335021712,0
6.440798044501806,0.4677867035250259,1.7857468292435117,1
0.47438948454222357,0.6073589489831073,1.8595909107253095,1
5.184171864049353,0.8291347071720458,2.01490397635211,0
3.5593871453174093,-0.668324507498073,1.86717662440334,1
0.4313074161185139,0.7662238563781409,1.8333674796855797,1
0.9832814888529131,-0.33937545676812214,1.584802920337169,1
5.5705095706230585,-0.637757152182074,1.7193519295982054,1
-1.5234093783376927,-2.428910327320627,0.10836865456530219,1
5.211910542304208,-1.4562863470622176,1.626211185066181,1
3.675281677141064,0.4375165482381811,2.104104924398435,1
5.12026373244737,1.7073564599770377,2.061126598048777,1
-1.851474907076741,-2.4916177773675767,0.04742714323483484,0
2.9818241231828946,0.2873042243542081,2.0497390340037827,1
4.108182019373938,1.0856241189580256,2.115148992038027,1
4.813941245315813,0.6136529948428218,2.0272986837273135,1
6.418456872715366,0.3796722835455427,1.7733896559051803,1
-0.5558908964907929,-0.5093258649104728,1.1713372631654697,1
-0.5836494360797236,-0.48169876914984505,1.212428026911956,1
4.436662785923707,0.6720414497558231,2.0735407065630405,1
5.089082583618973,0.7896335684845764,1.9946844255932792,1
4.650793680012746,-0.5550574005743714,1.7699545619682548,1
6.276344139858688,-0.6975030046373949,1.6528253239641126,0
5.180071077333473,0.8507217787977148,2.1100682001856703,1
5.273945718409124,1.1592537970618628,2.0151891117426097,1
4.134933040174181,1.5335287126382422,2.0877973896664077,0
5.378261836484429,1.5125704387089127,2.1123778717590826,0
4.681071072523381,-0.333857807380501,1.7062546470241193,1
5.654683427426757,-0.0487164386360634,1.8425341526776895,1
5.716434309426959,-0.4508718937783332,1.793935308499994,1
3.0800147030288523,-0.03660733756880796,1.872335794391677,1
0.9537976806644369,0.3522541611338904,1.8125322824276515,1
-1.6366332556658203,-0.08257762746599084,0.9076311396043902,1
-0.18571295880227132,0.2966398650921981,1.568621973708322,1
3.611987656053618,1.687940112341812,2.2853060559158838,1
-1.1912590640468737,-1.0550841228840264,0.705006525907251,0
0.34404469646810754,0.9004609255173707,1.835516632305203,1
5.9418102655786695,-1.0414194003238912,1.6222667704098601,1
5.595538597587379,-2.3403410195284042,1.415582749264611,1
0.5563192623615534,0.5484499776660074,1.8839303405478678,1
5.7250550510096065,-0.11162547690080238,1.8406641614786676,1
-1.1985861460901097,-1.1805868499421452,0.7350520913988345,1
4.514959867456484,-0.18536411992002844,1.948490826640338,1
5.2377407415294535,0.24661470858260118,1.9877613517311539,1
4.634286215223179,-0.3170719789229445,1.895667692208511,1
1.1468700151361606,1.1732392241176854,2.219837370999656,1
3.5138116009336278,1.536083240591523,2.2185106415477316,1
4.47786288029927,0.023376314871794146,2.004279378746975,1
0.41842864777415767,-1.0352516919781556,1.2408968744387399,1
0.7563660170055729,0.6848476002225853,1.9280604551704008,1
4.009249547195922,0.4737780587551188,2.039748281113693,1
-0.23449722594742511,-1.01920273780999,1.0763545933393606,0
6.6771981091141015,-0.7090780361682423,1.6355682414536037,1
5.99302243429186,-0.7588180145782552,1.6469632279884288,1
-1.1863599092234287,-1.0548207587812233,0.7908130217722287,1
3.464939630565257,0.05929672288085197,1.9061822363549212,0
4.849392580017353,0.20034980791871257,1.8876273298389683,1
-1.045856899559699,-0.9071954797176226,0.8286634897750575,1
5.764377006618306,-0.41936984023996393,1.8247257980962486,1
3.977048017040282,0.16958843417889452,2.019950107181657,1
0.4074422022744649,-0.8215209506288416,1.363165976276327,0
6.135161439466418,0.5227780313093355,1.8274598237233426,1
