feature_1,feature_2,target
-6.229600578495077,17.698271066284175,0
4.702409453275544,19.450164643432064,0
27.860303101836475,21.1762535815496,1
2.751841071407882,19.405003402143677,0
13.08230845381141,19.98288999193861,1
-6.8362451466544805,18.062777844426215,0
14.38680133465557,19.369290364816095,1
9.287904670967798,20.0271575558461,0
30.113687502994996,21.264139607019093,1
14.726823525826585,19.63397279516017,1
-2.7992702842285,18.387928993593384,0
6.257024297104626,20.312868807164413,0
6.843209973217611,19.999487129754495,0
9.870109694871093,19.579821539646723,0
22.37585202381627,21.252991897467385,1
22.35108607060636,21.634359284345525,1
11.41913837336987,20.96769107355376,0
8.372602843570697,20.820169547470666,0
8.220234852731185,20.322463462048532,0
-2.6004048041439827,19.952167370120097,0
2.6317908403193915,19.030938465308697,0
9.268261924490485,20.074201880949357,0
13.382052057010178,21.373401431550075,1
10.820250476808333,17.630669728317788,1
0.8348667098871818,20.42550379839459,0
5.508887245522336,19.49920546010787,0
-1.2794044176944457,20.100935184107662,0
3.9676818738992914,19.181090327178698,0
5.338081616181879,19.42079463495663,0
11.763635270086048,19.279816495072467,1
21.803322295948995,19.898389081061115,1
5.314043179562446,20.246969868762903,0
10.37000329357058,18.84602649947792,0
4.439454062533474,20.49960058930506,0
10.405094212558824,19.46583722320888,0
24.17473716776058,21.006581782454923,1
13.096639426411805,20.46248373538247,1
2.4993438624057296,17.38429578804265,0
-4.231917501706015,18.40101032744409,0
15.760598709403236,19.79671734894189,1
2.7346930687582187,17.835172773930715,0
15.200553320123783,19.256722032391064,1
2.010875909822216,18.74601798854442,0
8.083360528672976,19.675248821437073,0
6.546894491685849,19.125651875570217,0
-1.9194538838221362,19.95285433316618,0
13.67997046087501,20.455747346831277,1
18.017106650736455,21.17122018846758,1
1.2011446786446243,16.98568655446662,0
9.929289433959644,18.862104156858262,0
6.410116572407623,20.465493535071662,0
13.512279249878208,19.46657815747509,1
5.587928708561956,19.535383560803407,0
14.659672813828621,19.46929595913192,1
15.458895896250743,18.913111255781928,1
12.912071942287042,20.863266702194917,1
-2.5880322740249877,18.8135068813466,0
1.1451550891041578,19.374912379436463,0
10.794732095092973,20.220696995568087,0
10.596652484963247,20.324217521285167,0
13.7646368553902,20.803639400061254,1
2.143523103507561,20.71217896100574,0
7.774027954420946,21.528885292007764,0
20.810639173128482,21.82142019464247,1
28.88873291997285,20.079294733150757,1
10.447115652713443,20.099421121151327,0
6.339366212981882,20.503561306518304,0
18.73595198774224,20.799301890855354,1
-3.663371985263593,17.2336741052931,0
1.4240163094261629,21.343712603298414,0
9.18759454066489,19.720771296123992,0
1.7669949937524176,20.247319187481068,0
7.797367994395392,20.640097607104963,0
8.87056973490151,19.04882908754121,0
22.54977725902515,23.06579627739607,1
7.036559890514447,20.096247231060367,0
6.588257284037914,19.555045137151755,0
10.986597243730891,19.45149753678958,0
25.031255176996865,20.567127250460047,1
17.047129507079713,19.336336196387503,1
20.02175362360309,19.644909948269518,1
10.650663005306544,19.899299254608348,0
5.461225962301834,18.259083138731352,0
12.013751712350437,21.533514567836004,0
11.50126918595166,22.57233873526483,0
5.175475866217227,18.74575287652757,0
0.1894788489450132,20.089586209704684,0
0.09804829038398566,19.003519480711958,0
12.131315923343745,19.12076387852425,1
11.899388572245698,20.173784238434155,0
8.662875391479801,20.429841626525082,0
5.481281626652767,19.864334089863192,0
19.83028502463761,21.588798813013867,1
-0.5416080521679945,19.08827000393039,0
-8.506354351028044,18.778695075605953,0
5.660037566280063,19.32959212497396,0
5.424135577176796,19.97065189646163,0
9.355722700748158,18.978393360731857,0
5.629499046695176,19.355345030218498,0
10.5110791190372,20.39135310805199,0
8.56198531786467,19.72051560558003,0
9.62597961505514,19.08772819129245,0
23.980771592873396,22.50473533111433,1
6.363701280728511,19.40859337845905,0
12.7953700865929,17.154094448829365,1
12.074379621525257,19.285931558328134,1
19.222261208335716,20.14397476879759,1
3.815816196545346,19.114734448743285,0
24.515673734167184,19.277154372658263,1
1.4118338339961571,19.38299200256661,0
19.915486994585237,20.2762998845395,1
12.14829397579515,22.415086187881457,0
20.040826989046714,20.257712570114418,1
-0.26433575619551064,18.613747760305507,0
10.888160874636972,20.928809711263966,0
17.72370913918834,22.5858618706918,1
12.255480512162155,19.35694480769209,1
12.63340198457745,21.091703102215536,0
0.6360667321183584,17.7929994538756,0
4.215004426158782,20.37687299521946,0
13.882303968319786,20.597035517494152,1
2.7261957223244844,19.23452557690585,0
15.30006764523667,20.758222196298767,1
-1.818919416516076,20.901992151455996,0
13.829807378202524,21.473283350544722,1
17.435791876130587,22.00018569470481,1
15.155527062648313,18.38099351946891,1
12.077944266088512,20.796452466410717,0
21.740201414237987,20.984728972017873,1
10.877957054849198,20.22376301852738,0
25.419946839724737,20.153019258575377,1
18.116496538600902,20.505516890340587,1
18.24802780983676,19.44554136971171,1
7.540505755928654,20.00706737458889,0
17.01769888745391,20.180593517887104,1
6.791952904510129,19.62333898369243,0
-11.083792541768432,19.452094285139353,0
0.9609615354853602,19.74155399228992,0
3.2984657056613145,18.895646260457006,0
11.46498372324481,18.183608526517787,1
34.71452152023829,23.908451512665142,1
12.625903875551511,21.277214897166736,0
2.742571499757939,20.297515596103374,0
14.52624682689214,20.333057269766037,1
-0.9751237391400522,19.211069983120858,0
26.23611374894075,20.61842069811489,1
13.210313047641614,19.171020431318425,1
20.75484478796392,18.865521766936503,1
9.995008463919875,23.282701721821432,0
0.6445463075984019,20.825498873163724,0
-3.263218999188819,20.721146381024916,0
12.343106842068877,18.643547995722244,1
3.7048561024294493,19.01427136981511,0
16.005701589877813,19.509997881313986,1
7.946216063461641,19.812078979963353,0
11.135100371629083,17.76456346400718,1
20.395199316214324,19.844338302815164,1
10.537580715695837,19.749038746102293,0
15.775056471011617,19.873325153998465,1
15.250965069180692,20.203603737964738,1
5.606346421864753,21.243701768253604,0
9.005131814389221,18.888164662968375,0
25.834557752118933,21.61180801330339,1
23.19276488260853,21.674801063358817,1
13.341372815992896,19.546498653143683,1
8.975534755437,20.53827111758554,0
20.816234104908872,20.74820875881455,1
17.34607382921391,20.11124830970488,1
9.868461456980222,20.51188625620341,0
19.69034451828313,20.75569578335191,1
23.491677863167613,21.10623157616123,1
17.11929056154818,19.668225230226962,1
-9.211973107586715,19.054280935855477,0
-7.865199018194669,18.020132252509182,0
9.15911090123637,18.257494209102774,0
0.8252928618495208,19.804873437300046,0
12.354436079670911,19.428229841295597,1
18.15793731456567,22.600743863714058,1
8.785824690382627,20.898172309342435,0
15.200427253745435,19.39938229818453,1
18.46868386112249,21.214068701445502,1
13.91584660117841,19.223554758117388,1
3.0358950711611126,19.28749546189681,0
6.9526404345811486,20.347207588634962,0
6.512503329776774,19.055535795837635,0
18.12486171374055,20.326055718396496,1
6.750210179779984,19.505477105264976,0
11.618568198784553,22.30707913862886,0
-7.673815441629483,18.603913053099042,0
6.443153006573894,18.991264866434484,0
11.667567678593526,20.181498398881377,0
11.287339660631735,19.623792744843062,0
5.801834182260179,19.25550228304306,0
20.69833957844846,20.08929444634194,1
17.902460965662613,20.802105547347484,1
18.718578082029396,20.615421715320103,1
18.144464701353453,21.280905129670213,1
17.070173289812153,21.691779044575544,1
17.58591008563313,19.633675952137917,1
21.06743930803585,22.036300505898524,1
16.943858675215267,19.414614607323994,1
11.091696999900625,17.001231039397762,1
-1.0134144845756463,19.160641262576863,0
8.058924722749524,20.470037253500244,0
4.790658203798143,19.279486333658173,0
19.312613337907685,21.33754923624558,1
5.358699879689176,20.228483628730856,0
20.708361546070805,20.64456316934423,1
5.480391236568736,18.245249285725457,0
2.7579022521475594,18.152445488325654,0
6.655156883349894,20.46492908213669,0
3.3827795114974553,18.14225421359712,0
11.747799719400252,21.665147438178344,0
-1.109563457893481,16.6003369220865,0
13.289812347884451,20.04382969806284,1
9.248949905272807,18.88106655556153,0
6.832818107647103,19.052443188437884,0
9.075470345194153,22.326051251656192,0
2.707891539114165,17.383104841734358,0
4.346827089785033,19.609514711586662,0
10.685188748709162,20.38078830985805,0
16.99225075993238,20.219914173813798,1
7.879378884508796,21.15398020533032,0
-1.5624590026544407,18.43032491789367,0
1.3386825826639175,20.862241574034755,0
1.9841132570006934,21.247025025457347,0
3.663349669624534,21.511167381971614,0
20.502075754280266,21.925876511000922,1
13.942888234815753,20.253830084935384,1
13.051754319053984,22.33470256034051,0
22.88422683788497,21.332607495695342,1
17.650814364155014,20.569454492594517,1
12.741544945982609,19.197958679510077,1
11.673210009241433,19.74797987769808,0
3.5075650671443945,19.569740108168297,0
8.147521068935248,19.42583262871526,0
11.083510116308462,19.690660135544555,0
21.28409752528288,23.392489908623123,1
29.135382029612256,21.04787367015071,1
8.270048537878404,20.479731050708335,0
25.74181380193616,22.11186599031386,1
8.729164161151923,19.42855580394805,0
31.238595912359965,20.706723884825827,1
14.964424914239956,20.769076885676707,1
0.846627710003979,18.97926958495715,0
11.787771030810616,18.627964902259194,1
17.85200812299291,21.774216704941345,1
9.434861878189869,19.43697227631587,0
14.472387198410374,21.604493929120387,1
33.439172500127825,20.844110779903406,1
11.325945360305855,19.660491630206746,0
15.57042167189677,22.091826497457983,1
15.941889205088108,20.23033588080754,1
8.319452233499886,21.607109816963042,0
12.81636936435769,20.87779927313278,0
11.285631050586318,19.613507983369352,0
7.073500320070485,18.54293675392919,0
3.1903279536015248,19.914759917725497,0
30.042552592653973,19.98761743478574,1
1.4126754356685947,19.234012050309687,0
7.098268615108798,19.561907028854115,0
5.449554500670554,20.929622753161272,0
9.659119263359253,18.823280806119133,0
10.036420046873928,19.27037980816193,0
16.623950623650153,22.399510222739693,1
8.80145722069472,21.140949623322953,0
-5.876086724012032,17.25021480649496,0
9.17720483536187,20.250140879113708,0
4.970815661731887,20.311116050630684,0
7.582379267019936,20.752996622514196,0
0.2287436844662114,19.023503416927053,0
3.126928025633646,19.95503738935366,0
-2.8978991888692054,19.449298226834117,0
14.957100904408307,19.601311839726343,1
19.92586024987203,21.223456423364226,1
24.76597369435828,22.536786429406497,1
18.138167641368582,19.371132147349563,1
13.027703241599474,19.039580860670583,1
13.774391096702118,20.009084971274,1
-1.0773294092960128,19.45901650305423,0
12.794746085944784,20.930431732904914,1
-5.235372885726079,19.807805740150688,0
2.6122443427264317,21.302317888175864,0
0.969458194841593,19.626210170831396,0
9.5581089852281,20.545416718099215,0
14.231625115546354,20.70790107630696,1
-2.0073159901458357,18.9803846345614,0
13.917208906507486,20.044124146196197,1
14.765907663185068,21.102719226671105,1
23.196048629596476,22.38948271564527,1
9.05322229354557,20.05515243228355,0
6.712186061900555,19.817527959630407,0
19.41068882490803,20.86412463109107,1
16.435118448117674,20.21046536171538,1
9.954252893642819,20.49371124811374,0
10.163804608164396,19.865132241587208,0
-5.762385941532692,19.44991722124443,0
-10.256579379935268,19.07703283904109,0
-9.719263323540268,18.512589458580997,0
-1.5387717827595804,21.70897652039395,0
4.356716194366118,19.802700091567857,0
8.979455221331419,20.81182522833177,0
13.058013061009605,19.09583945094051,1
17.127180425318212,21.039833256674065,1
7.786967239484225,19.37300699107226,0
8.851178023446101,19.777486167416907,0
11.972054220836572,19.29364820128865,1
2.0779399942035326,19.872037833153925,0
13.057410301158699,20.028361348917787,1
12.830088731334515,20.483158751375516,1
-2.2534658930433302,19.395414048052206,0
7.086644540238135,19.729530064249534,0
5.733558444970536,20.857707324068773,0
8.238519022153408,20.15253783595374,0
16.11721807446429,20.467122995322324,1
19.63475388943666,21.89656132708005,1
21.17582728192839,20.876748260578143,1
15.370949218256921,20.3506065908163,1
0.804095724471436,17.71986459421801,0
13.81068624261669,21.262369960537818,1
23.840931123242996,19.91589622439273,1
-9.131371716144034,18.75291005979629,0
-8.649948507999486,18.887163990758104,0
10.27814492073674,19.68139644675895,0
27.55450333019811,22.089121508561863,1
-0.1755229445583506,17.98138293510066,0
-0.01965721998985437,18.699702113665566,0
15.614818605282064,19.72252181805072,1
3.758030244101162,20.051152737787493,0
1.9629488543882196,19.314196160493246,0
6.662361319834052,17.74608204329953,0
-9.443306892958507,17.48501855822018,0
6.807087398763285,19.721603159778688,0
20.4607760452272,21.375686580738222,1
13.416783318660553,21.421695914287895,1
-0.131818054016124,18.95933446999225,0
9.732870296826746,19.11827339879496,0
-6.622735182923307,19.51039917412749,0
10.179459192730654,19.867135462528474,0
11.968376956093337,20.9927455841128,0
9.929977144839071,18.23811865498014,0
6.261427908602666,20.011446804804535,0
1.574221581366679,19.7537955754607,0
22.1763570981049,22.264560301916895,1
-4.866591330456062,18.706566941539585,0
13.955317167134009,20.613801750553087,1
10.41321064828216,20.2715586226243,0
3.657924764072969,19.30426437813013,0
11.511253993699333,19.85958818137686,0
10.677457778442031,19.446665946646306,0
20.123376499731698,21.646972550711705,1
4.537005849055799,17.716129303129197,0
8.116116978415732,18.210709695014593,0
5.669129406730858,20.39922362520752,0
5.588708664512307,20.910223917046157,0
-13.07409076466098,19.00951713373358,0
20.335899368142314,20.700769370547697,1
3.783456286294798,18.926511183889975,0
-2.9551908783439256,19.19253453303968,0
1.550483139102365,20.537069651479968,0
-1.3334310437305845,18.071072289067693,0
-2.1618735518220085,19.581459905570345,0
16.15272858551552,20.803169514992046,1
3.378760317537254,20.571279282674443,0
18.049401117627923,20.756744523507034,1
16.012138427784805,18.964566703944506,1
5.670391014507261,19.450226751217613,0
19.875906001781757,21.145498804535794,1
7.611127787476496,20.5003400042013,0
3.437473162340442,17.931385823588528,0
3.952457525854281,20.77716398422895,0
4.965472998116875,19.383598704778734,0
2.0384167653189644,19.78857947903873,0
1.7682532711691916,19.78213257641374,0
10.521525063776622,19.524347944799956,0
9.26951737303464,21.508186058852676,0
9.146707017261686,19.571300626116702,0
24.184811913857388,19.283459395613548,1
15.032299946747754,22.434394662164827,1
22.76299707316733,19.10895609262041,1
10.008861467949142,18.846491753080283,0
12.656247232009152,19.616558808882054,1
3.905777424853989,18.928937313837462,0
6.338829870448438,19.749413842057834,0
10.513606036533703,21.172158563009667,0
16.47110162503108,21.221119729244514,1
29.013978546290588,21.453250858516302,1
13.724243206247968,19.038030838922978,1
0.9106684441253066,20.276507635804304,0
5.319750428621575,19.80346271156061,0
11.20923807798645,20.434386825995546,0
14.850111809121536,19.019212855941635,1
17.223457844861823,20.613432012546,1
19.23190895763676,21.320292060184435,1
31.907727657791185,23.037657417065876,1
24.40402750539728,20.921691404160658,1
8.020409435333868,20.432876339811404,0
9.880403134280526,19.779861271803888,0
-1.5596252933357242,17.90574910969134,0
18.892698995260886,22.88648599380493,1
12.108564845124235,19.035690515313615,1
10.961558377245018,19.67716535389708,0
19.45157877760906,19.426033589535496,1
5.613084135414521,18.8477556336233,0
14.935029274558962,17.781147178190167,1
20.95465853948937,19.218255347944208,1
3.6152446263355182,15.694811455684555,0
-1.3392229672600973,19.61956218669289,0
15.574438731962712,20.83745179338997,1
-2.609486729129914,18.482279673202132,0
16.604211003196617,20.65534613739398,1
11.234718198938602,18.628780835929586,0
20.817214711599327,19.68413720135055,1
8.371870694125677,18.708293902514452,0
12.8728906874591,19.43264086895596,1
8.617509317379987,18.76239476494286,0
-3.7601984234530086,16.767181119511275,0
11.413193527792183,20.38848560699501,0
19.543039549544524,21.193365442473,1
11.890724114880141,21.304535944816344,0
5.613399754692675,22.268383618781957,0
13.249538200303068,19.981114427644357,1
10.961596717431236,19.703369906495777,0
26.235338280272888,21.02398465618529,1
12.10586496315863,19.73112395632321,1
19.23613852870949,20.776968027312506,1
20.618403106884326,22.665165440081964,1
2.692732965809898,19.798362023539955,0
14.48964710601267,18.591897951834845,1
3.8041915904926036,20.57710478354701,0
12.53935059316952,20.00266294403328,1
18.681829294907807,21.687826019991256,1
11.183659974965467,19.527370723740162,0
-8.023459132700523,19.44376770202784,0
17.936983443862967,22.00720328659779,1
15.13952815136372,18.417756547734918,1
23.30318448712476,22.167724223080413,1
18.357766191431715,19.15150755414864,1
5.356585365079142,21.29320531315231,0
10.492515370455939,20.405702334338695,0
18.253695703932614,21.11011257517488,1
26.634516362336708,20.04038302238988,1
6.494713904214366,20.44726897412015,0
17.04479064894341,20.734935323045114,1
3.4602014181662817,20.151513178070896,0
-0.43449235178057677,21.07110149522091,0
12.090405129638448,18.943534435680764,1
21.34478693020685,20.589637079273906,1
0.8188473924171227,18.85191643331117,0
9.84355144610622,19.96132305079253,0
-2.3784192003480324,17.378714231046533,0
1.5756318017090845,19.514525101210037,0
28.849671620173133,19.52784027868652,1
20.620791732465293,20.646586653323364,1
14.667911479435215,19.538869887180507,1
8.926102355711603,20.701635713593195,0
1.7771246808435635,17.24244618138774,0
-7.376420429916713,17.040597238257696,0
12.582372190252524,20.762695616476666,1
0.3161348290894548,18.094651467727626,0
5.83004282947138,17.82868540082651,0
-2.247366214983888,19.943334535421563,0
1.8835284716959713,19.108222708578918,0
8.768581577623454,19.528283305406237,0
4.691290211566398,19.54002199818296,0
0.7089347827250219,19.6081243010019,0
23.65177145390733,19.777248001834252,1
29.822617196969603,20.425675002382427,1
15.811844765568793,20.631918554238965,1
5.608491114235231,18.43780866369735,0
12.72271732862141,20.665088683282907,1
3.9541663340363034,21.584713965593522,0
6.977180083695462,21.52110220244378,0
11.555961842846775,19.847538423354624,0
6.414086307747612,17.90845765932068,0
12.62005578832824,21.410725753301797,0
25.198295287011497,21.644796962552864,1
-1.3936453365667134,16.59121576932543,0
2.3692614872277984,19.249596806652704,0
1.015892640033485,20.273032195593274,0
18.17804016017487,19.381674200706346,1
22.723432287722062,21.559150052144748,1
13.64935485643062,20.36576507400612,1
4.806469895680175,17.89602198940044,0
2.103931684441447,19.697772764394976,0
19.79563956271905,19.83974654762252,1
19.75825821973389,20.570908209378015,1
13.714754011335586,19.324772216483172,1
17.520414963850232,18.6967339983864,1
10.34184525554002,19.450274096351034,0
20.35732629661223,21.71875098786342,1
9.339226178431291,21.375839548218643,0
8.431472066753912,19.6097357843038,0
21.847023415610384,21.882270793028475,1
-3.140568947681425,19.191937209468037,0
5.140283181787993,18.750077238228613,0
33.69179402577083,22.152416246804048,1
31.608451829635246,20.28662333193147,1
19.651643409420043,24.100075013674235,1
4.423302544925205,19.437252401893904,0
1.67585513298806,20.039631844130206,0
5.022093121360077,20.04959531664338,0
18.895505404443654,20.64501133488486,1
6.702129167197018,19.768443134310687,0
1.1641111837533327,21.670589365546533,0
17.60630030557589,20.53659862855823,1
19.52091704086506,21.268608785848517,1
17.176455624412167,19.892602588654974,1
16.674213746398035,20.142979143164123,1
10.805766083017879,18.580942139964662,0
13.326895959069558,18.58116639707843,1
-4.146557289618945,18.72192154114258,0
12.884555525253099,19.935324059775322,1
14.560244743256844,20.741008444086837,1
6.22291307136623,20.138202573531515,0
5.437184292131383,19.235550575009704,0
2.078879244924506,19.04185194349984,0
-2.2605292715008396,18.496200691462306,0
6.238596208879176,20.127466600482457,0
1.2367376293081662,18.356981705207087,0
9.787820615334185,19.447687015209688,0
19.07316995792053,20.71889205956579,1
17.957707575492435,20.028244566899478,1
13.455729524584163,20.702162719300745,1
5.673265436180541,19.705144369745916,0
7.832669198996133,20.1677616280987,0
-2.446868510199625,20.87239961383879,0
26.523285960381354,21.139827753427394,1
26.492223703157713,19.76035896438077,1
21.977006605482313,18.389416284909178,1
5.3668690878524865,19.728971471097594,0
13.150810561887896,21.424187819416954,1
3.2044132473552827,20.539085290413237,0
17.99209159567237,19.269706467490703,1
17.50555084908872,20.386360079115505,1
25.606637438604217,19.869481707447527,1
-8.821218016876763,17.192420842310767,0
16.71052041411805,21.75376603960005,1
18.193870775669758,21.769804079353936,1
15.382298638000702,21.37205806851958,1
3.8050236027685864,21.37752186276828,0
-1.2381077666797111,18.55386746429657,0
29.323607542466164,22.170872762072957,1
1.6676567847967103,18.400409523793837,0
5.465534017353468,18.89172947334704,0
3.4450583734212383,21.74493038448278,0
18.5446778280171,19.692683816265,1
10.273521038546857,17.93137101254772,0
21.0172659411923,20.487773393210837,1
13.117786687073401,20.326737320431462,1
2.7337412854582253,21.170252012255183,0
13.618255756390084,19.854970339743037,1
16.34767095878962,19.9198965444,1
14.12731365269801,20.409493617003164,1
19.932144359767797,20.27793369696939,1
11.856496334039774,19.976566911226644,0
-4.211350448201669,18.561316289418997,0
6.989548471264966,18.276960791662844,0
7.701046834692832,20.885861190383633,0
12.056790221521673,19.657030741460712,1
4.608483453698625,18.726844940185135,0
11.504155117603467,21.10172511407042,0
-1.996430624094657,18.733410765562997,0
6.882030458757329,19.362811902320015,0
23.24323529825416,22.371375425937604,1
36.904108457395225,21.066773441441928,1
4.518099220462625,21.547913757695923,0
8.614665110257425,18.79190592884994,0
11.301587640124076,21.13483559106712,0
-3.545599101896407,20.024258845454003,0
2.4901199270718015,19.880360830295427,0
7.192657137780829,19.65283934230662,0
-3.97939202690959,17.835311476237166,0
10.70493250784867,20.594672826278302,0
6.049786350153641,20.727985723837083,0
19.894265730352785,20.929886269619125,1
3.521659702431335,18.949258237361455,0
8.145808231858403,20.342077804236613,0
6.0689077585490425,20.416509433154616,0
3.7758785916571505,19.495545832809135,0
4.247647743279737,19.053668984254607,0
-8.919121779376809,19.105106783161258,0
9.860407918959519,19.90574976730055,0
29.863082475710538,20.81747115583476,1
6.953669935281372,20.324058324004184,0
12.664549834542164,21.314143649485636,0
21.042025377734618,21.925703593193315,1
4.942114561688409,19.774179298251834,0
10.44602677433868,20.029260174878747,0
5.868083338461734,19.061214106370922,0
27.105332728123965,20.588222714651085,1
16.000286516142104,19.287345964554973,1
31.740142107718547,20.938253637572377,1
3.2641238105182646,17.819683590640892,0
-1.3114620056487585,19.27986631987906,0
-4.327484372400065,18.09721534038387,0
26.31802758080716,21.751812824263343,1
21.254195543483156,21.46184967892167,1
3.527994113942168,20.528866541484604,0
19.056253707252885,20.340387496955618,1
16.807177874536457,20.34827843169042,1
15.88731715179528,21.127069819056587,1
25.6804198715634,20.98391786138103,1
2.7490772436200803,20.105442619214656,0
8.638294690208395,19.612239532215675,0
14.26942990968745,18.0201090702809,1
20.16255300960603,20.23633392567914,1
15.293136177170476,21.351640394673534,1
22.80405076995494,20.025865166646348,1
18.43993714639209,21.947906841428026,1
17.281898373301864,19.8509538672863,1
4.381830916982267,21.361186237579318,0
-3.689637936774817,19.646799354839864,0
-0.34809656137503353,21.357281791502743,0
1.2690058795081498,19.618139448496954,0
1.9121166919095618,19.76596595920328,0
5.306307757524732,20.076164320069648,0
7.319065628865384,20.19672733532573,0
5.525035077998883,20.52477851592064,0
12.561717428107748,21.04825666064233,0
11.78514665559101,20.966798102803146,0
10.167522946898254,19.816305646587686,0
4.209528653639914,21.653113640013416,0
21.497676079908913,19.573528279792562,1
-6.7430070795671035,18.803621372884525,0
2.4548209873324147,18.17611652181087,0
15.87023066304642,19.59775104279013,1
8.61379096412345,18.66279047982995,0
16.2636064000364,20.021019056194646,1
10.76587077976039,19.479236983537188,0
10.611631567942243,19.737929320417166,0
6.766623515777462,19.555527422599408,0
15.69088633264752,19.410428749176656,1
11.473856389367436,21.33072623744262,0
25.32632230836962,22.101238007950002,1
-6.44369666457056,17.364417610264923,0
9.100492740277607,19.568081008793563,0
3.391735750399489,19.97670794727911,0
6.005431074767,18.89455573198928,0
6.237824090003282,18.683480172869494,0
13.239767483058085,20.06500433684182,1
19.200926753919244,20.528981954658256,1
5.000551219947685,20.064295928914206,0
-3.1512679343436965,17.3903414794721,0
-2.7205548848398546,18.904798804969232,0
24.316841393801575,21.78801189571805,1
7.185086875512929,21.578433307899854,0
3.2191243733374453,19.143560265860597,0
13.70990925063929,20.78916911806447,1
18.210006774252665,22.513233262302414,1
6.290249029144631,19.743080273938464,0
2.659443360293171,18.049450681932445,0
23.945536749269483,21.097245495448497,1
23.744362660144596,18.297662447253117,1
12.12734164398959,21.995399057993623,0
14.496391069142485,20.965540223247835,1
11.823052534148148,19.140305170946732,1
20.06291482925223,21.456219002234835,1
11.3756203730375,21.23539943878116,0
18.833680035156632,22.70449938163437,1
10.248960398298824,18.14124830150254,0
13.498299466666658,19.388748707341495,1
4.925368389703784,19.86922963272435,0
8.743380047149628,19.42066450275155,0
22.686121999712114,21.541884294373286,1
19.119444928370243,20.707200281212458,1
21.074640589700643,20.43946342586021,1
8.376882621220775,19.84415797860305,0
13.1984939155066,20.95445918340942,1
2.043113558980238,19.794519672686253,0
15.77660055437049,18.672684138408314,1
4.587563352892705,18.234480198012463,0
7.194414904550931,19.960764067457198,0
16.778927624831717,19.9732756717463,1
8.229221755948396,18.838005297277643,0
2.5532410433644337,18.492676550605285,0
-7.541753862924427,20.785457611674815,0
25.228381760377452,20.529336410858757,1
-2.0284135555897613,19.55953694346176,0
13.538428147983275,19.837282641110832,1
18.205888462317517,22.171847247778967,1
4.102244126913499,20.734125833747257,0
16.854948309502355,19.905153100411965,1
10.402121418570971,22.00049936439041,0
18.23487967663567,18.745934317514674,1
16.634472829112006,19.729866699181855,1
5.2970439248846635,21.13901775913302,0
2.0960980281440307,19.40796001419147,0
4.087632392475168,19.374364504993753,0
11.036034307985377,18.73574668385055,0
-3.514905425347159,18.59182439867084,0
10.744362987695876,19.80710191297721,0
-6.0077956268607124,17.571210058751117,0
21.323049139928415,20.047709217181783,1
13.935204553757151,21.688553995962927,1
15.336144004624845,21.965143050866267,1
1.467303529562244,19.044228354674683,0
7.893784955218083,20.16957599075945,0
33.577885802379654,22.136325900565538,1
6.613459046314735,20.09627482048531,0
4.209943235004296,20.033496930421176,0
-2.339877003980188,20.705409351037332,0
-6.041748062376211,19.814260085120466,0
-0.6100326095645556,16.99789266423154,0
13.674375190005195,17.68060652132122,1
3.235999814476471,19.826294055604837,0
7.491750782883939,21.934191183748098,0
29.278167006659444,21.430927998756232,1
17.77482187658541,20.220318896741833,1
-3.5223572931905363,18.148339611940937,0
6.840920595234669,18.830735902678136,0
10.931513601926591,20.19729127123539,0
1.8751181480325787,18.188047337019523,0
11.971110769266891,21.048196822810628,0
12.72181969242326,21.10254390193142,0
-3.045693506528142,18.88755831499642,0
12.194244973646654,17.731630774016196,1
3.071084148139983,19.69953153009618,0
23.186502256236295,23.007184994726163,1
15.48016687917725,20.126019000272898,1
16.099765908408084,19.58673480850299,1
16.633213643737292,21.868007937015683,1
-1.3096365203673042,19.118666026910855,0
-0.34700859499760384,21.55172483054814,0
-16.074582199161064,19.897282412585838,0
2.2934235697535694,20.808919421825223,0
27.245617522573784,19.291855091636922,1
22.966604250371205,20.818399664664618,1
11.80817890114527,20.67295422168963,0
25.43764094486069,21.00584356115649,1
9.180790235155836,20.870779523630944,0
3.621107845855599,19.606548861461636,0
11.11045025180762,18.782483659624667,0
21.770131433916063,19.897891082662284,1
26.383732416943392,22.643107637724338,1
19.19580335912379,21.453413876773684,1
7.987433783669181,20.803745383186612,0
8.765721642070673,18.410920930555044,0
12.975518427845103,21.268383249290046,1
23.026130510253054,21.280355793278776,1
7.6480670973868525,21.66220478750892,0
11.980314502654029,20.5618952364181,0
5.757793435414132,20.27118100795907,0
19.26183006142049,20.219227472214257,1
5.968166942455861,20.43937184359274,0
5.6752118425657105,19.268257179781017,0
14.077051495522365,20.911004259814646,1
18.94499997499922,20.25132434359939,1
14.986390599723283,19.07095286383489,1
13.913991115898366,19.32278423403174,1
22.61008405940571,22.19335323214122,1
20.571092745093488,23.054616613726242,1
17.821588882477457,22.160378199028017,1
10.425121149139397,19.62775163279018,0
9.209035167000687,20.35273870738908,0
0.509177192920836,18.1154184357269,0
11.693735682166722,20.42168254042593,0
4.076689159113092,19.967089230630393,0
1.1527162433924563,19.67166752742473,0
6.77826985938897,19.86833343429915,0
5.893442155565063,21.191355290859093,0
12.53098379519988,19.130287181579817,1
3.797075549929934,18.834224263258026,0
13.322505402239115,21.672254746812687,1
5.7443730092443195,20.87980364050293,0
15.154165255104381,21.470487568711704,1
4.810654737955539,19.167420563316718,0
9.267684862472583,19.04510735845319,0
7.9826088922558185,20.616564147812685,0
-14.460629941583196,17.816859105312485,0
7.213127330777382,18.169889421815995,0
7.39530067804923,20.50640250918453,0
12.480102436100939,20.922832088180783,0
15.851395111112886,21.575291983257138,1
15.787718127659183,21.080794834725147,1
15.843598411186672,20.68358811142233,1
0.943957145736519,19.23054983554639,0
1.0132365839070623,20.60784118297681,0
29.91536609994918,21.102476418015,1
12.387424037000054,20.145061778458157,1
13.069435547092938,19.98155690178821,1
17.263496900595424,19.75141411540192,1
24.761183478554727,20.46767495436128,1
-22.355581651420664,18.79249887668094,0
13.210776954689122,22.019278384413006,1
6.997155353126658,21.122042850457085,0
4.787750963455779,19.481796100842363,0
2.487355394500664,18.255759683171878,0
10.972871336390655,19.993365202121645,0
28.98971283088698,21.804357108249327,1
19.218478825096643,20.699565441084157,1
15.123634674224807,19.666484847928878,1
14.654561699449951,21.030381098685567,1
4.582388820927652,17.652292180138325,0
19.455293525043366,20.454079531592928,1
6.483036022222103,21.889559186067554,0
6.980329784498489,19.323904299846706,0
36.43927725119973,21.32292687751804,1
5.905530544961009,20.702603910385314,0
4.938575763285958,19.03341931263731,0
-5.1591503519500055,18.41455536308975,0
11.35120972823951,21.97154693187633,0
17.04397347063967,18.621237609193074,1
4.783786924651773,19.032550293012438,0
5.224052720436574,19.971606374943274,0
-1.4602709542566696,18.63418167692832,0
18.784338349685108,21.516326988330064,1
14.345653008196887,19.644070712708913,1
11.376850699224002,21.516834137229708,0
8.0538532048208,19.247941397709244,0
13.022351774427833,21.385903638447935,1
15.519534232527775,20.503369016679606,1
12.870107933004444,22.02717606611715,0
26.48604285779463,22.535034335474045,1
12.17332253827507,21.067560120458918,0
13.48359023077643,20.627614411763336,1
27.49933105490259,21.964977589699544,1
-6.285270225480485,19.17473721881848,0
7.760232394156029,20.313499171724743,0
0.24689658781784907,18.595442965007813,0
6.00532243634256,19.394769261063487,0
12.279831244701342,21.505928329710976,0
0.978272664534968,19.00004715163871,0
7.25613360654207,20.717611079410673,0
5.7498422917596175,18.0803959746097,0
-1.6106140104890994,19.66060271658516,0
14.267831464848232,21.66488666764333,1
6.793818309971824,20.37581848841031,0
19.17515179819086,18.658689485133543,1
-0.055850257862806174,18.53451059365179,0
16.698460460854164,21.159951553085673,1
6.567507943588948,19.551377950308783,0
7.041292641125466,18.598124243612002,0
12.681411545270388,20.57292593294528,1
1.5119026484692828,18.902949725641975,0
19.89249041247134,21.717093931560633,1
9.312284956688778,17.903486341893256,0
20.883593430393788,21.45157079659975,1
17.992661350090415,20.238583887946966,1
28.89268173002254,20.60958405765965,1
15.89366671759219,19.416287941089045,1
7.586784768032468,18.937109946661955,0
18.663403409204278,20.509235400700053,1
6.604577820681106,21.25013047001162,0
12.632389171286464,20.53528874499229,1
12.776091761733307,20.389026167874867,1
-2.9842554165975823,19.440491968257238,0
14.56895640236435,20.155473682583725,1
17.269287790905373,21.75342003116154,1
5.423230115725654,20.582132099592588,0
2.5775893649738686,17.60101996309226,0
6.830852290468587,21.534409760873924,0
24.485014348058968,21.73117700386106,1
4.4295234531727,20.44568730675755,0
8.530099763410107,20.70702370702308,0
-5.897404454470648,19.6256025770899,0
6.383754984133294,20.07355339747321,0
14.882336412490703,20.7490340149129,1
13.404025908066556,19.073409754322455,1
7.742268126385147,18.6148596986744,0
18.397133615418547,20.0629479249263,1
17.537152469090376,21.70827796104608,1
23.55254095721841,23.625961929138203,1
4.178085670964361,20.13238500942622,0
6.720619902709407,19.166209892714523,0
25.62496362990496,20.367302224501955,1
2.2692908777583813,19.91843088213132,0
-7.410695028179923,19.427190285178987,0
15.70074442013271,18.023652777247566,1
18.75477960890514,20.62000388044084,1
2.946243297928871,18.802386099758785,0
-1.3412608845752576,19.379981448298828,0
1.582995257113467,18.72764849716229,0
1.3127463245046282,19.11801003064051,0
17.159734535827905,22.15019021610581,1
-1.8076945274279002,19.017960244323238,0
14.728689683270822,19.799376155251476,1
15.375315978899831,20.51065193166643,1
4.8563443922749325,19.907759653529205,0
4.521432385443801,20.052840799921476,0
14.83998864497838,20.45197259267888,1
3.2738731626937714,19.201316703660144,0
13.152815827019438,21.835181551066132,0
2.5734539543339254,19.047358800816887,0
30.940842961230945,20.64774688257903,1
33.04934027327482,21.249346445623754,1
11.299218797540759,21.275018929364627,0
5.911055087982397,19.913085325275393,0
-4.7050453951046265,19.257376066042315,0
-5.742207103615796,18.99722653320779,0
8.706833392200453,18.07636681344305,0
-3.5995119172426477,20.08584344354878,0
12.65389820643956,21.181675645457968,0
23.38858665669903,20.04371682255819,1
22.430158482786222,19.378480768213254,1
5.248399454857917,19.294842222915655,0
8.779431467435307,21.13964950819416,0
15.281667137743833,20.12940162415362,1
6.314065156426141,19.316879298731795,0
9.358611738377405,21.133744843079825,0
5.782950596545353,21.148893676552095,0
-8.299478247952365,18.990399416237963,0
18.322755111144048,21.769486880997682,1
14.315368102991838,20.982717231443452,1
13.260117563142932,20.94332158356151,1
12.797244387907824,19.00302264337095,1
12.834608515871539,21.329015674629193,1
18.855019799091508,21.083357435780307,1
3.9944099511045703,18.98028759689939,0
-0.3316975833014535,19.79385364687233,0
4.647664728682653,18.183251397540804,0
8.66061655856906,19.697727301944127,0
9.056245752870192,22.71183485495021,0
-1.4368148962833711,19.12498775369469,0
23.083564774039417,21.56829800103656,1
-5.421961063486988,19.571083751277797,0
24.253999167233644,20.2895661667267,1
11.416404427395321,20.514558976728402,0
10.600965643455114,18.816291770625085,0
24.74126912363424,21.256095495766566,1
2.517092359286102,19.947349071727878,0
29.13791598379804,23.064625283080083,1
-9.001905203548482,17.183567706758545,0
4.829614558294336,19.84750503490925,0
26.56325991593746,22.37396093815546,1
17.480266456268062,21.247560948313126,1
4.28989309948089,18.38987271595922,0
2.3644566934070754,20.031607696961004,0
10.404836537795779,19.430353189059687,0
3.6566678454852646,17.289838141956977,0
4.4257415250341605,21.170213210440785,0
2.1070921504614857,20.44562393526715,0
0.3553273084982074,19.703594718884254,0
34.51094627114074,20.881757044839652,1
6.630346636800072,19.498651844148693,0
16.16030923753039,20.497461310694565,1
19.362999657277896,20.48774376988473,1
19.122230486910425,19.655050824125208,1
19.073730659725413,19.516498110741594,1
-3.7877039065154605,19.72128864473443,0
16.591903088443868,20.314785077467306,1
-0.7805760180523773,16.95723718734101,0
12.825842422344358,19.803732442368023,1
12.544522535472687,19.764834577261627,1
-2.721496449445656,18.78941806269017,0
12.742034305935656,20.68357655575864,1
13.251294822239387,20.46683992241821,1
8.150490633670161,20.786830873709057,0
26.37409049910669,19.43109019317384,1
6.608433405904005,20.670033494737357,0
4.100301132226329,20.964746596582582,0
16.422661249345133,19.39359807040459,1
14.210530442779934,19.697316809262954,1
6.493671301999623,20.353320998757972,0
10.03779627986759,21.05272512340647,0
11.903387414797812,20.431468295398258,0
23.162800424447024,21.37898524995934,1
5.717967816699631,20.199458361505346,0
19.32933148748226,20.05660567716783,1
20.419161005689375,21.75228813404956,1
-0.6773063620264406,19.76475882860334,0
9.408857381293231,20.98441631551483,0
-2.1486074145123375,21.6773012997809,0
23.945497355165912,22.790181900075844,1
6.106824312419175,19.615333466761847,0
7.058201037887548,19.354458760371998,0
0.6163961379368974,19.58428690623426,0
-9.439077173957408,20.22004397755984,0
11.544401024277473,19.426996249211147,0
18.52974210167853,20.616178778660853,1
-12.564504574456507,17.60862580800741,0
5.080790863433676,17.9600086834066,0
3.333514319910111,20.98126350473793,0
-0.27762656721630563,19.281414519933335,0
-2.172079136158125,18.968505844399232,0
3.276230664354392,20.01230422038551,0
10.96760551466468,19.598986107806596,0
7.1070647640547575,20.218468791221234,0
-8.001320459097595,19.467694786905508,0
9.731482282316257,20.87753183124823,0
6.969305524827259,20.04578019704875,0
19.8118529366889,22.035602259503907,1
13.282720092928813,21.25471498768788,1
18.29922797576254,20.418124511882468,1
12.413327809593783,20.837016930648673,0
7.70973419012881,21.355305081035002,0
12.360626811456855,19.64914787856437,1
17.147810969541446,20.51361618619073,1
30.969960947344074,22.849640965436187,1
17.54315384266848,20.328068498771714,1
7.610214391882031,19.66418099983159,0
10.507521770194295,18.01978128153434,0
12.832098372470313,19.148265771974792,1
-2.7179006401619077,19.798868183902567,0
12.618701580931354,21.48348450011323,0
2.445401217393119,19.942779669866827,0
13.05363222085128,20.949521344018663,1
18.525288812236944,20.264364938572445,1
6.426904649720209,19.345828549930403,0
0.560327308764359,17.708797683407486,0
