feature_0,feature_1,feature_2,feature_3,target
12.245318589031577,22.74645222000197,10.576689400286376,20.683094640147196,0
7.006698477931517,17.159264407504992,8.922477137511109,15.38236758452459,0
-1.9148544651515538,0.6751274499622664,11.74519973779406,11.507903310804458,0
11.270762591492495,24.74650620269754,18.94040782160827,13.41301522762442,0
1.2278608576064824,5.696464963004043,14.012202423268082,-1.051898833606442,0
15.482790777927757,23.41540183419673,24.185400574294135,21.13308390729206,0
15.400625442813169,19.81085349319629,23.948537397622502,25.511067446587674,0
1.1281918724780855,17.38016948891294,11.64190255147251,-4.581134808193138,0
1.118242294306751,10.596046417148944,11.798159761597525,4.58625342979575,0
3.5815003621666994,10.343125728176677,17.99872310904402,8.963463564183316,0
-0.8465488973275042,9.23742328621016,6.965990680764067,7.421252062892624,0
-6.741669031739012,5.59028629193067,5.8902400894716145,-8.659131042834257,1
0.14755412904139398,28.522314863356698,24.39714644249963,3.5274840484794723,0
34.45081524445904,42.32253760424942,44.775758828666326,44.69610361464575,0
16.208457448457956,18.814087657979172,30.593787489778187,27.69840572399925,0
12.540309075835342,24.234124048550377,16.056410679224747,16.848138773408536,0
3.7284199541450254,14.72434337195337,12.502236562227564,12.96607668093434,0
6.9105627132456755,8.93240640914549,19.548407006760954,14.144255618321825,0
-9.065722300637443,-0.5340186497773303,-2.53035280276611,8.628471207006992,1
-4.385380191136242,3.650119697127783,0.9964453815068754,14.669820301377088,0
4.2482084022333035,16.9330043345123,1.9929653263190978,23.172087931556632,0
2.8920279808205933,9.90545305667764,14.15811831428198,15.710628847397206,0
-6.933279306017298,3.300049093631051,-1.9828031973449622,8.614556205952427,0
13.259112145475516,25.311154736463756,19.94441776088384,15.441973642838553,0
19.62168183829985,29.64962724320855,41.889019220259314,15.413836765391519,0
-27.764147110954294,-23.30066319577397,-17.827386067116286,-4.818828473908354,1
2.6700830264041757,4.578940029901062,10.642007838772486,9.653559335948767,0
13.904817133638051,21.403866571166528,11.926457966571427,24.11097669835855,0
13.07791363507155,27.108462828520587,16.25904259762863,29.153414009634446,0
19.51156366081726,28.75835895021685,32.61319094228244,18.709984089128934,0
10.197102726325799,33.19297354890043,36.180769451951846,14.288915201130514,0
-7.6724554890984225,-3.4905993872305263,-5.178189184189421,-0.19000282140348546,1
13.464613146234273,29.868540136212438,38.13189754376539,46.00361089495308,0
-15.607423588743544,-3.721965037502285,-9.655808295886711,1.2755475327167058,1
10.681388044953945,11.118161905501086,16.708746141325886,22.34490256093266,0
16.722051340812325,22.873734039134817,19.72185171909297,23.165761396647838,0
-0.5595423005225788,9.807012139254116,15.940005313659812,-7.774405369509257,0
1.8825535709712642,13.546897085094447,12.377838693994908,1.7364934496301938,0
16.859987236939922,30.696748023969718,21.68010135316313,19.042404132640158,0
-1.7608281997800104,11.26104301897698,4.075627276444989,6.708249224890191,0
-21.92682107271396,-17.81412558408617,-21.825383162701424,0.9696167129397111,1
1.1639317989595375,8.655602446632352,13.352627459409904,6.51209054000674,0
6.352802878853498,16.964753691225084,15.341466068458864,2.7064717030545253,0
15.000136387524325,22.100936620136814,23.47609662299773,12.754157248299697,0
-20.41191082173852,-11.963557140998455,-13.23839163290545,-1.4800080455095923,1
6.984471593745979,16.198616107352713,12.249308759750752,16.974222403543664,0
9.49105637990985,14.600244480585872,24.129836940164843,11.24933148105641,0
10.420739673416872,24.598774705803564,16.149272333055062,11.226374590284642,0
-0.2709160510768447,4.899402891154045,10.103097186467373,9.548702310703263,0
15.700549105834657,32.52330531240565,25.807263851810873,22.120649310628345,0
20.561872329605613,28.276513753723513,24.553651142223615,25.147164286948396,0
10.678006314301697,19.22929855162128,17.8924384770413,16.452901320206443,0
-0.8544836874772415,4.811093776029162,-0.5020714282705985,20.215448901587067,0
19.25227270774552,26.47618445575127,30.552093508446692,11.413788762176177,0
12.729209525816703,23.791780425205978,20.108139463781804,26.67559995456443,0
4.110413323440814,14.510143814710634,6.606618495644113,9.728435626072395,0
10.275821915216667,24.605180597750433,9.21726913817202,22.463029601400155,0
17.861555832564335,29.508497415097004,19.44270507808009,28.579309923417615,0
13.258307520646571,21.99828551361455,24.198136348963583,20.009778744718695,0
-2.4076915506811973,8.880233782133107,2.8345904896998917,-1.0780499107089963,0
1.8761530338604562,13.358984322842186,-4.2590564348790565,19.094201645377854,0
-0.8574601922444973,12.678466467940035,3.5906606058771686,-0.5125284400531562,0
-1.0969738306700743,8.2499782272851,5.212983254845877,13.822128100718231,0
9.710230672557124,35.92861182366573,52.84071617042288,60.358355583321405,0
-32.133239524409284,-30.34105277139561,-24.618252351910908,-14.435746708702062,1
7.373714066680254,17.883412819529752,14.328992496411956,20.659137364256924,0
3.0893926321944303,10.756695505221046,9.05144796167476,12.028972345653965,0
5.098495431819609,13.4226741186957,10.829404450707324,12.51663668522064,0
15.842831385460848,24.845500149396287,22.369678846663362,32.33285935008642,0
22.24124556398575,34.43821203792184,20.446101702871424,33.442087882771666,0
14.889380948470006,22.43817224778009,26.755449262761182,19.877190064959763,0
-3.182599729934746,4.182056283558923,3.17470472637039,15.31278165260626,0
18.311234450671943,27.572890378380414,21.412534741294266,27.47145989536164,0
13.910125937949726,17.412441456160497,29.380614850090673,25.16028735620513,0
-20.35875813347006,-9.291606638963637,-18.40082984531909,-5.670467064151062,1
0.2683951020274238,5.411518092042011,14.105944890673658,7.81071914875082,0
-14.479267552494996,-8.261368870678341,-8.832899420789648,5.432779741826023,1
3.297032627973314,15.418233626457523,6.592715027604987,6.348121124526971,0
4.261715696364117,19.042898120485056,16.162923902131055,6.0629849545308705,0
-25.00810912778983,-15.869979068032807,-14.256598417960845,-19.684506596845893,1
-8.86419582802159,-0.3162371690179544,-8.22329941805748,1.7677571449198854,1
18.625479044331495,28.205539198594693,20.927327986841114,25.199788345476833,0
1.2773521952171905,30.509760713682077,13.328454361407967,0.09001665014310589,0
20.181615683227875,29.953486980831038,25.167298635590633,22.40687747278495,0
7.001276539099272,15.410669879748246,12.802586310884507,16.24562829735504,0
-14.266204046611623,-8.357319484288672,0.11279640183721185,2.5326581529657055,1
-12.903102228481046,-2.5847125353636855,-13.749054661182335,6.697778685232959,1
7.707607658842274,20.242067221373585,10.598382078671069,14.642710247693984,0
6.568428776219923,12.746702326763499,7.110604515649126,23.112513596023355,0
2.6134502009765677,11.8661492072885,14.065007643750846,2.6930322868831666,0
-12.896218314731659,-10.457858956427684,-13.399429350554495,8.7968157762833,1
-5.233557839537927,6.009028969610806,-0.20789560428766407,0.051180170313195106,1
-14.147785889420636,-4.811331757481151,-8.40655234349278,-3.4777986211250003,1
3.2586379875808773,13.103822117463615,3.785036711688928,18.322506951170226,0
-16.178501945959024,-6.833578813541001,-13.107197049875367,-2.586717980529844,1
13.720513416840834,29.3709315059711,18.126022057419448,10.783726420956675,0
7.535651822175981,9.057072087880812,21.908005385966064,20.912584507627848,0
2.079160663977993,15.481664954882918,10.0294993020287,3.8848557292160812,0
7.658783733157087,17.31573632924441,21.057241530165165,9.53045205798579,0
-12.449346885245308,-1.7549957460995795,-1.952612150971209,-4.948897882503413,1
26.286546630716334,35.40188008738491,45.21629481266963,29.62211651932506,0
-16.213063133201896,-8.675668145783652,-1.7284144605979908,-2.6251752762241374,1
-3.6523661619880423,6.966880104537927,-6.29750208899253,9.679506509564714,0
-0.031195688262918075,7.563122972699197,6.055017454202647,5.88490927597242,0
11.840248072467935,21.466834743461042,16.362401143417742,16.099967647387118,0
19.25688019055267,28.300282819390688,26.23549052584749,27.261336140206076,0
-15.224091294525532,-9.250113067491297,-11.839868575684584,0.3345322827649575,1
9.114050351815553,32.96568346892148,31.56798767952514,18.321546069333074,0
-5.521000763894549,-2.764256628982034,2.520279309657086,1.8337966278562892,1
6.156758329541469,37.11098001828777,61.712581975552354,93.87255268400523,0
13.4154956191807,28.045686924876748,8.57046246359111,22.601647653271627,0
-0.30333806283625453,8.699952940807275,5.122846917474386,6.271218757993972,0
-6.052025070153067,4.193666584403671,3.4835726325883716,10.482121142003576,0
15.969620809289463,26.67205700059856,20.326039157355233,17.476556788117936,0
9.3520906304216,4.2690561512386545,21.74414037986538,27.542144321008468,0
10.56692510379121,21.299901766105137,19.19894862406565,22.046311998514412,0
9.988808897178835,21.229234346297986,22.47552681430166,3.457999097177076,0
25.777041607470554,27.340374170811245,45.31402444665093,14.808139131111815,0
30.39759552618925,46.801791999689854,40.54615899013143,22.04624158131563,0
-2.3208553910467806,6.476543720784759,12.341295392496177,8.005773163149348,0
20.236595813182277,29.498470382680793,32.590506301103076,22.315484190266833,0
-8.514303466662554,0.05854804524256707,4.703756935600296,3.267514468969738,0
1.0838888708060352,6.007475859374407,3.046814324636424,11.75288850769527,0
-1.933351014865754,7.778972644186153,3.0501546246237776,14.750057442998267,0
-8.370087497637382,14.984094965065658,1.2271976081951301,-22.473831458188812,1
2.042196408659195,4.0232890872919,8.994122725042482,26.389575091669073,0
-0.962198131558992,6.4023855924838555,11.8105020609438,13.332021262180282,0
9.94975871046362,19.907770323273517,14.937735044215696,19.68064077504092,0
-2.6101938562292064,4.7907904710729685,3.766684028577231,12.48477367734901,0
13.41534281216908,20.270747216263445,28.186109141515054,17.89967076364181,0
5.081905060230875,12.087130593019541,10.705158112120538,23.071061011292556,0
9.135689027278241,14.798721730125873,20.464488334565296,18.553685478064125,0
-9.450703563147187,2.1544731544839433,-8.584356431190514,0.754044610849034,1
-3.8162482326006293,3.730613779265706,-0.5113265521509476,11.487205997580919,0
13.780487541726337,12.876765122546692,22.431202429885023,25.547635656742017,0
15.38593242368366,24.824823906948374,32.14766776804116,14.790283568139877,0
-2.351950647285033,7.8243958952483625,0.6370828523908987,11.542078700918232,0
-3.440694632554223,20.81969647276754,21.606647755343154,22.274002644455567,0
19.364266088381523,27.515323728750715,31.2263404042267,3.9539784453799314,0
-14.832669239372215,-7.252196555724998,-7.524643357257297,1.3074468637464847,1
29.475429200286424,34.410622715150495,33.21096465108849,33.46505247525436,0
12.937880608223434,18.680184861724562,30.416993476314936,16.761289747779372,0
12.21351419665759,20.34899797657624,18.19687219850478,14.56682177330649,0
-1.7904302437768056,4.982438175818341,1.4526075147716941,4.333571516509286,0
29.00317633873534,48.411973566456965,51.676418792832536,42.08809857586747,0
11.839722964915875,23.14110502316973,15.67160077088072,16.668468103939645,0
-3.8368477194788015,5.065782847380552,4.300357057970221,-4.21120476929422,0
10.213741577107434,14.438658577006333,18.38729017585474,16.921924372450086,0
1.7230933767016272,7.891131312881535,4.630869382124873,12.64791327713226,0
3.229024758967114,14.653735079510117,10.445343765202923,20.48140618994926,0
-3.1362119505733697,1.3604499564311645,2.3642167550751676,9.769873975205059,0
20.501845237482684,29.799959170386927,39.29831764167636,14.429044481593396,0
-6.042412097891922,11.871571864967276,-6.384430661997573,-2.652689193219352,0
-4.508037800940578,33.807653622430344,42.264832093029554,39.083980088134545,0
9.860999761587443,24.53905901127821,7.858372710630878,27.047786388110286,0
37.2199554885031,43.737036791302785,48.3306825575375,47.096059690270856,0
-7.200050293580957,-0.12318997620890748,-2.5697154403712634,4.57405632394306,0
0.3032584443700186,6.7573695075980735,16.22971420539383,6.5778330708590484,0
-2.7108073682301335,-2.85717968920577,-0.30445565159798527,25.074315030096475,0
9.784733035180885,23.93107603954303,20.132548004496257,11.561549441278906,0
-1.0171168735313243,10.861791806209641,11.394596939437642,2.753396053734308,0
-4.199370018213659,5.231200781097222,1.2011496755952784,1.0384008072282889,1
42.81897928056625,56.70866693787759,49.26536686186937,32.46513451679898,0
3.8673953096667937,12.658533334307453,11.20902435680243,7.019184551548309,0
3.3640513012048014,9.161791445273266,13.895448606719452,20.01308675866651,0
23.855523464277603,35.20086888729301,21.180759115519393,30.173179157766477,0
11.971135435900798,21.233160806347573,19.62695290357224,21.76951463529837,0
4.737295183925428,12.917982840894656,14.514355757890971,8.180645081665286,0
-5.699065472846947,3.8818509339281224,-0.705700781633464,7.292891150293318,0
5.502284496894648,11.117805798200285,13.73896019830117,16.553893837833662,0
8.543266079881615,27.627932555338603,15.54228394840278,16.38878368519319,0
20.12880895867903,30.74750030906042,27.84163792251589,20.940076554334752,0
-9.854142478278341,9.099334303405639,-10.801777198112973,-7.072846742095702,1
17.612290616473402,21.89772994661402,25.176246833363713,27.696844106049426,0
30.619487249311746,39.40107141141423,46.74949603310101,25.00214239489854,0
18.066352521201306,26.15661836044586,26.69590100681456,24.017117527985395,0
1.3812904197496985,4.7901500990310435,9.033229654644105,15.256355812179608,0
3.253816804749575,17.243367458138337,9.048631415910638,10.671719106993994,0
12.809981663236742,19.548338029704425,33.84628511250941,15.676300158384702,0
-4.736527075555757,4.328773046186566,2.4468358430339965,4.861189231730581,0
5.087346035059947,18.564288846384404,7.7175804697939085,12.505542374866877,0
9.935947627479209,15.675969575558305,20.020480323287373,3.150304357860742,0
5.589272150824384,9.13763603897009,24.25701800479142,8.039785107739668,0
23.893266724746987,27.891128923190657,40.552989702014266,23.855824220378786,0
7.108969622864761,9.374188596243098,18.16299008523375,25.544306693964053,0
-7.196474471474364,11.732068423955472,-7.968929733912461,-23.73653903246091,1
-4.168246130373535,-1.0531280515179464,-4.0982508665943485,17.47197821609904,0
8.446540202730002,12.728739873214245,15.608426902321177,15.813673783444449,0
10.902026065348878,26.000687768452174,22.1836467030474,26.5585261962655,0
2.825444082909792,11.87386529413043,15.316080331118485,2.1444863778843537,0
12.999054426710273,27.88705939607329,16.801716977575705,16.783339642342636,0
18.808858738555735,27.080910191345026,31.64345959099695,17.69121249281369,0
5.119896228341355,17.88314389100725,11.168464270285693,12.871775473161687,0
14.652882634946785,19.822235067356036,32.36706706172586,24.545182935515772,0
-15.737038468880286,-8.918515147293173,-9.840417493381821,-7.999086861614689,1
19.304670703392443,27.31968720812853,23.057524799899763,23.851962196265347,0
-0.663632981201066,0.604140665517674,0.3585539768940098,25.99380719156608,0
10.51811251418939,23.367294008679124,22.83622302286514,-0.2827466305697346,0
20.291312080774325,26.810204064149943,26.194499289536267,23.15981889437974,0
-4.181993553959823,-0.7385564779520113,7.114026227271071,0.06725228754591939,0
21.93759513959629,31.020294901586254,27.874702746440605,28.82708892914625,0
17.216107802513395,17.919769242553855,28.233740588955044,29.42886317897175,0
-12.150545068878323,-2.4161241808531955,-2.3262134889232513,4.120180823342942,1
-8.44744436254101,-1.9421546250725878,14.611404442156005,-5.673966964619407,1
15.704985790193959,20.74934963842483,18.448061735030834,22.42816058218147,0
-8.894518722067762,-0.34362405658454875,4.078081067534319,2.7088951440221525,1
14.03159348217676,24.304173353957136,28.991166361599987,11.344504389310003,0
8.450415455798376,10.135038277553146,21.800506655112066,11.283313700806413,0
3.879518952830048,12.903664877472695,8.413341469984575,13.054570973569513,0
9.74077967905104,13.264026240654104,19.096448118343076,19.150191921384685,0
13.552268453476682,18.55255708731201,15.480039683998825,23.733022399100236,0
7.531658448174255,25.492073447045165,35.4723687063482,38.20650914716458,0
24.311741274857514,31.020865120027366,32.158067213657965,23.561046384829538,0
-6.6243921547275955,-5.891108714651226,4.282188119534826,7.817552966958993,1
7.162987200664034,34.85663798883149,43.813455544725215,72.24745425180012,0
-11.146107307996619,-1.9112483586887663,-5.842858555538523,-1.3318571458718775,1
25.987826260144097,31.573536033667594,27.491731387306096,38.865904636245006,0
4.18748790221631,11.683218180074624,8.862594596793423,18.094915712218583,0
36.10530070108513,52.416491865041166,59.25478089726856,58.33071917364125,0
0.031354346589126614,5.631596909270059,14.422140491454234,5.1652754675254275,0
-20.25534425502041,-11.740503214125775,-14.279487685243478,-10.001505403326053,1
4.407245479186684,18.417499996562558,15.865010096911371,-1.8777851948157256,0
1.0387444071450096,15.701171983169917,4.668754283848958,12.92383924170365,0
44.238765858623395,40.22581253005781,43.47973500061956,101.83698083961039,0
3.6354365044983687,9.912072670858462,15.602515849218683,9.319505117001018,0
3.1102857563241577,7.5235709432592115,19.777370159034824,11.49040398252631,0
-2.793052754888958,-2.627543329428871,1.7515988834319902,10.911004621698492,0
4.788093965629102,5.057095079522357,15.626015947025108,18.754897072575158,0
-3.8596105651859505,0.3263921401661971,6.172990415875344,10.689622421151697,0
13.918163366268232,22.586266626182244,21.42053576467213,27.474485216893058,0
17.57546970671486,40.15923510473373,28.213251971674552,20.572633052582514,0
-13.620463809971273,-8.894702103627809,-8.995272575205405,6.426621043697201,1
-2.2603885738476093,8.069764766664965,2.604608027499353,9.562389115656611,0
39.00976912067523,29.61923258648121,30.286428305321415,80.16870515639962,0
2.8936871418515393,15.135705972834643,16.15644368247984,0.7444831621246593,0
7.52176051598307,35.81740867266591,28.557662055920055,12.575465511301683,0
-19.024971199255923,21.577686781210225,17.785887663700343,11.341277632252481,0
31.808721491841922,44.76150507136521,28.173481656867352,41.697858561610644,0
2.7248774946423464,18.2919783455428,13.932484371979019,3.433999304851156,0
-5.451396315476889,1.8007806615165656,3.0216029573414875,5.241094767958801,1
-9.918364920710548,-1.0983294257033123,-8.512384757399179,7.38847772488098,1
28.75723162778711,33.84657216730404,32.68485013944994,33.97903957018748,0
-5.013450608029884,-2.3919848780208923,3.519200078220285,1.4550252956334688,1
3.781281976270855,8.50574416685216,6.746476644664589,17.979728490206526,0
6.188116875823608,18.273037173479096,11.870881943190133,6.641325254799087,0
18.003391887390386,22.65011399555968,23.6928907959878,19.780642319521142,0
26.91204825159832,50.317842591584,69.58811812649814,90.30108826332673,0
32.04457080386157,44.54309598664124,49.57274189822489,28.992398457992017,0
8.586213736487952,11.799507438642806,24.918426376985668,15.01685830211808,0
18.255399646002356,25.334670510914073,24.733249928878823,26.457539405292643,0
10.950710902864678,22.638420175931447,17.34421807051171,15.28998378549646,0
-13.275382096848947,-3.5809732266680303,0.4784925318330142,-7.391152029399429,1
26.087085223057564,31.006167680428703,35.28226043119068,29.429963009069656,0
23.01358450694163,35.32947653914433,28.91795100879517,27.91375282032432,0
15.045503971037771,31.9849039611466,9.563359596113262,26.597468580642317,0
20.148423458093518,25.043835359910254,29.951234050366423,31.27419228556878,0
-7.159759531332571,0.4456929791895554,4.490666767207747,9.83672912826971,0
5.9358027349108715,19.202672783490193,7.517127241916625,11.371845320724091,0
0.8169637035548689,33.97282527501459,40.12689450730268,37.77530244431934,0
4.016970905462346,31.765646194503802,39.766136786012304,51.85547206861091,0
-6.1510269662916315,26.869195904628935,40.882064018153955,46.20240975056118,0
14.407337568849734,18.76638521854154,31.805032068971887,16.61892063979055,0
10.950249045665785,14.971537955937269,10.565599615221021,23.513398267402003,0
4.8273442276817295,13.808440777777164,8.783011563231565,15.414551572160656,0
6.3266053779341505,18.015973414443067,6.058916442885837,14.245155720537966,0
10.35539708896686,16.90137880621406,22.125049184883103,20.161773768964053,0
13.093549202732472,23.146744632823598,14.947887155091028,25.625721380337176,0
-2.3840748143814636,6.308893489879556,3.652628730871248,13.275306352671592,0
-6.0315929855732575,2.6392934628657905,5.501373568051484,10.298048252926668,0
1.2900097978055118,9.618539038917252,6.9732236323506,15.857064929094854,0
-6.903820432219146,4.708807562246827,0.7615076206333278,1.5115240335373095,1
-0.8304710027400475,5.988130681966466,15.132029357502176,-0.19096024746340845,0
25.746654514817877,32.15458814145525,40.386752754792,19.827297416647486,0
26.311641927845386,33.730447859123494,42.68544185566688,18.0276404664874,0
2.2033339109615713,19.10098360430098,4.993031812547299,12.491973458168967,0
1.342930408750358,10.610814689833056,12.070926598994753,5.44667455449358,0
7.736564052162716,13.670351539646942,10.157935812403508,22.401287108385787,0
3.7518217440861426,10.457297474402573,12.68631745843386,15.471967655419226,0
-10.165000969133413,-3.2414694531696764,-10.977754009867137,15.61254616260675,1
-14.294908629271447,3.402953988152438,-10.373352822419807,-0.6257779557583838,1
-1.7290868425286297,14.760422771076001,3.7026949873871846,6.764458075895172,0
8.38410720831914,12.473072563730204,16.207897277884292,14.845256719156202,0
10.949409376819426,22.942481763150425,20.303155604202722,2.4290642485570118,0
-0.9285294604932766,3.572712661221175,2.9502066979594925,15.691694674523601,0
-4.489960447650536,5.203036028217959,10.158212186233207,0.38951737805692765,0
-2.989446052562312,5.107568792261215,-4.742976453459729,9.667629974083951,0
0.5457264081613431,7.360739064597248,5.1433649483695305,11.63024512048169,0
2.97895965971239,11.96745144031027,23.825626764319942,1.4323191123738663,0
14.948539171860912,15.99174316875905,31.20590137033395,28.876043714886052,0
11.67115051260507,23.61349879943824,20.82283080358456,18.92895178514474,0
-3.858285977633245,2.550962403397598,7.039067902872113,-5.81161200764771,1
1.193918838864569,18.34970949690637,13.844063289231288,-1.275747675141428,0
4.846327091104584,14.264983480691697,16.036105723289403,6.936340395772882,0
-9.594587422646061,-2.559852928683652,-6.643844486887534,6.726229791003293,1
10.24238036306225,20.11162074422852,14.384731331637623,15.710472746615688,0
14.601108731140197,18.690548581812113,22.35573003276808,28.709067922204778,0
4.860250135086295,12.97499489423172,14.676751600860985,21.542537075419805,0
-0.5149907120652966,3.247057034808247,11.280547343208948,11.743611127571313,0
-10.578046542830432,2.16822499466673,-11.753860841510534,4.92985676811262,1
3.8227520647316426,16.60565722365167,5.776638215089294,9.598708837143164,0
15.94893257162046,20.53256295907469,29.235389867479224,34.43165580118834,0
3.7625983546610233,11.974233219474517,9.465644416944835,19.603223932261365,0
16.16576337941393,24.25630485682752,18.639525037239686,22.37847587040295,0
2.101791045876049,10.12313061413797,2.078494279729684,15.57114873495367,0
2.914729839288074,12.069444455539607,4.563577410986152,14.031853112718688,0
42.47663677956752,42.83083623871217,62.34159214523616,39.41482002063466,0
5.71948392700015,16.46503827375396,19.572608871477694,8.044143428689104,0
6.741320472203645,16.271605411631946,18.299321601312123,8.406752702952483,0
-1.979536093648007,3.821669907133103,3.108871013672072,5.3316662582637075,0
8.094364958581426,18.378170154087808,2.0388479447742363,-25.130364066250706,0
-9.6360588171992,-5.0005549756294325,3.5352165649881027,0.12901585971308727,1
14.448835111102717,22.901668485237057,21.253388739898355,20.969496288526912,0
10.796301413599766,12.914534763798931,28.738694054004412,11.767048149023612,0
28.198448249179137,31.62395787844698,41.27242144461884,28.565161990883297,0
2.688724684092854,8.856811568970404,16.12725891042578,12.83323962231496,0
4.625563367508376,23.06050800028721,2.2083327303253295,4.630537656655289,0
-7.643968335910809,-4.877216571974758,-0.8849577619065858,16.463483717852895,0
21.077853885121833,26.450841208192315,34.49669296814964,15.080705911724738,0
-12.504092501462178,-2.2268911866122725,-8.409632570015969,-0.3449909911491389,1
14.64057908835051,29.037066857257656,20.5391281585774,13.209844462969365,0
-15.285253743890369,-5.215170311338854,-8.75696873795398,-6.477212222340864,1
7.998163143773581,41.569419054742966,52.762801444740646,74.6159357413348,0
13.216698655720819,32.3938431481176,21.62059216491879,10.779499606603423,0
-14.537733759284361,-6.172540951457242,-9.388403316075209,0.6387193666786821,1
-8.650257731558906,1.382197261492303,-8.129446193420762,13.909154133017271,0
-1.3295330021026643,7.798671945769221,10.318856053619541,-1.112683059172486,0
3.4618273877884533,12.700133693248988,-1.080279256628259,12.656211138319005,0
-4.353151041366426,3.6044168011499096,5.524655935221785,7.782437918347997,0
13.358337083384106,25.23123969932125,-10.315066801305846,-29.501735034045176,0
41.20468382321953,44.49208594336002,46.46841284567209,45.27008373154848,0
13.924777802399404,26.702981190610274,18.752778104559635,14.727769843585097,0
6.901552247039809,8.663998354851184,14.036345561142431,24.427007335325545,0
8.460406713442744,15.221432790788871,15.7449067716516,14.549862705170014,0
14.723862074113747,30.44008400422681,16.066725435064363,20.752902811726045,0
10.255289200254076,17.246880823424185,12.611018040257298,18.992499780912027,0
11.785528176844567,17.370441380803417,18.622179320232696,20.966425991679813,0
10.963254596334401,13.07394379325102,29.736134007280533,25.924088113464634,0
23.755046687906514,37.89998485486614,26.704097741470786,39.13166517307496,0
22.516109659807903,22.801185707070598,36.97404722922606,26.659248327553023,0
3.0750354036579535,7.5946722382315395,9.968736674385418,24.561556520943327,0
13.256210509119807,17.984619645555686,21.13694520634247,31.135548099740607,0
12.416289607008325,23.898152297455233,26.09992183413342,13.191429218661659,0
6.328856541989717,33.508620134012304,45.81175044366227,45.64573006132924,0
0.9556638318072599,14.614779258789298,16.343234087180253,-2.9312142160113304,0
-5.4732443797025505,9.838985275996635,2.546147977023436,-1.1612932233682187,0
29.10786574077825,47.51097413451031,40.735684722492266,29.417052128928624,0
23.55420142790662,24.510715486976864,31.358651518592488,32.96897785165656,0
7.7027606205723025,11.028368052594798,16.330168076404583,22.3600086113983,0
3.6071236835096117,17.659818652042468,16.428720762660642,5.3048831389625,0
14.611139164382205,18.2348904823892,26.106103780021442,12.764997196277855,0
17.215881742736663,23.77090709749045,32.345320950625,21.0839306224078,0
-6.932725707666859,3.1373315532179156,-5.096580267582365,3.6051548188078417,0
-3.365388839099837,2.3675933638337625,0.335437613236266,12.66957130663173,0
14.436870614575554,22.03533707265032,32.275921002458134,12.109689815336157,0
18.29784235691644,30.562032179343653,12.940285143018535,33.910797758434555,0
12.565014960952537,32.02123896653256,30.787379887329447,58.650607702191934,0
-2.541273055054071,2.098768507031613,4.086491387131595,10.834782792555451,0
-8.641193105524039,-1.2530892105678983,0.9731373672942407,9.45469137495645,0
-7.242908469701368,-8.641688677690267,1.7681447466622124,9.233367222746857,1
22.120529975407518,30.890741648806042,32.85242396082592,20.67902295955705,0
12.027303249904723,13.541227180139897,27.06171622347297,18.40848373468501,0
10.377010011886712,33.75918373313208,9.331574171795701,-33.77557715799721,0
6.707086393156667,15.90448132599287,17.48188296644256,12.626294269950508,0
22.791028125495256,30.380668796254838,17.410726992388177,9.591979619346468,0
35.54112156293516,42.05040505882741,45.02009935891509,42.98688459620866,0
0.5656357889448973,12.778370563043126,10.395579425800962,4.028784145560914,0
23.305021639739298,24.137159000608754,40.68194990933807,25.725767863553774,0
7.746074029554538,15.588404576275932,10.324374387235236,22.360820839250653,0
7.1114396194371885,14.785112549383895,11.208878808162515,13.73198103526121,0
1.230887441051347,7.21148164266167,9.13161293099796,2.483671766817528,0
-1.9849295769026556,1.4991885966764826,6.913463718934275,13.264777002379041,0
20.374398754055743,29.239615695739744,26.23083190897737,31.284908181715824,0
16.22256235097757,24.791731006318148,24.8700137753269,22.181044466808256,0
9.572433248822502,20.14570276673294,19.64546118738341,11.386636613040059,0
-24.602278293535736,-10.833835251421418,-22.729529735161076,-10.547147943056249,1
20.89258595976365,27.975919895217622,29.233909680851095,31.22392394826066,0
-10.686739340487982,-0.7665925893670593,-6.8415673714664145,2.050192029095385,1
10.394433683353578,25.879826726789585,13.27831423368227,15.514913772262851,0
-4.201999298725309,1.386711069230362,0.6549654245001726,13.841354032214168,0
-0.01332708908474789,11.20737539268772,14.016524221637372,1.9025388359813729,0
2.324578913094575,25.314645141195694,18.763196741756154,12.416187036071847,0
37.33615366904959,47.70095339754869,65.8726472944379,106.9235631506597,0
-15.544034622059264,-7.373523422394131,-17.016111547266767,4.414037481289805,1
8.89400576671386,21.455618161443667,18.524152053500746,14.758231004304896,0
-0.392795645351133,8.015729353485165,9.286467810768121,18.62542467257254,0
11.242682580523532,20.958027918790982,16.5334617867066,18.510266689613708,0
38.173254922993024,49.51655898337513,60.47760452552989,88.34133095411903,0
-5.542143154680526,11.15766721028114,-1.6531659014104108,-6.07279713122745,0
0.6023146618011976,13.60737669799697,1.951969315809107,16.792090777873028,0
27.6033418081576,32.965732788383605,40.93318004129348,24.905288671709922,0
-2.568407631878319,-3.3267850716332585,11.306267801682907,23.88010580302926,0
2.8204842081403525,10.248226666137239,11.169557714312829,22.452230144056166,0
4.712735170428857,8.585097730951361,11.866669774606692,11.728526903115247,0
-15.390263998378405,-10.445974272132757,1.2924506559409448,-0.5806485637990928,1
1.2619037882758208,5.36730398253587,6.498882657544176,14.285043939319316,0
0.48838073793249315,5.937797255552503,11.34817314271059,1.0188013292630451,0
10.662844251247641,22.310899124424132,25.224810503183924,9.43356612375371,0
25.871865745904714,30.828350632810498,33.86258002931665,30.07269936518588,0
6.89790549833672,18.69288109157438,9.29185070077497,16.161817288284922,0
12.679171872304376,18.335623713967692,23.726114955821057,15.594975022418495,0
12.010410735416938,21.04303907222578,19.57765981300069,20.332671634723773,0
6.156897676120602,15.61828194764695,14.174792927287372,8.078034491942654,0
29.694164145813133,35.79783011233081,37.64674484768522,59.3751361948151,0
13.532378628562864,24.710041374961456,19.9623892103838,20.668709944802277,0
10.500135959243458,24.927703557624135,15.343654628850734,0.9337657079252022,0
-6.190565105278377,3.4917538939046153,-4.673701427401404,11.232831856824554,0
17.351299796328444,26.209271672861192,24.911519981645966,26.316284024333747,0
27.849552522069978,39.330983454336476,38.784540018833816,53.89543128349843,0
5.082567671291485,36.66502036609299,42.53203400643682,23.71402047993125,0
-7.8362912604525725,37.156187010378176,52.29479322994803,53.648800731486475,0
-3.858317514325413,7.950486930030278,3.9248784500397527,3.876862801341625,0
10.17408881843808,30.503354890343083,18.071222251837952,5.2586347474611905,0
-3.9721275893601478,2.8464669702145002,-2.085929715949977,8.014262830563379,0
-19.433475365975504,-3.1688930037692824,-9.222011385984644,-14.189289417178337,1
10.535504389884665,31.51125914034391,35.935035947027956,69.00177400064285,0
0.5057610030885229,4.841665561571551,10.95745331850147,10.636449082082544,0
-1.527892702673201,13.616594958298318,0.02719767093477543,17.237952170014758,0
12.005400098119058,16.256626235115657,27.73174563161019,14.195326915227614,0
18.392726179592977,19.85270571926616,37.66193068267206,28.849262725289595,0
22.706257912297684,30.00661108923697,33.506130212720606,30.6263634013556,0
-1.8153585923439683,4.529491787707524,-3.5779809869012738,10.833034016558845,0
1.9543576377301455,6.275363495937294,12.45864543693959,19.55512963844288,0
-1.7498546346865993,8.393909015746468,0.5523916600786851,5.08967918072363,0
6.3929165578230975,18.677717887670966,5.789858998701824,6.789374903622577,0
10.591580200856104,19.51210575518843,17.749660152066497,9.125845451303373,0
-2.973214374535046,-2.451295748197497,5.712575122070517,15.56332344132135,1
-19.125558302615232,-10.106944467250623,-14.011840764076357,2.229403431989594,1
-9.577137676799541,-12.203555123194247,-3.3032895555622126,20.210491215161394,1
6.775464798189674,12.294871177532453,13.019995994377975,17.60033255330561,0
10.932222422793576,12.897514607901195,17.245115492369674,25.02342962547307,0
12.38206880853499,18.315542211969564,14.472791672425457,26.700738088419058,0
4.596669735866181,23.72804988339755,9.516157640209805,-17.983073953893033,0
-3.2393795549209665,4.315489935716103,3.05856730475665,7.454085901059275,0
3.9159514386504686,11.011142331125212,18.420907921662728,14.378560119613677,0
29.291856382542758,39.102489813420924,45.46816292642497,64.75879870593062,0
8.193155936773941,19.054079464333554,7.571392995448454,21.120865639093157,0
-9.353966115632769,7.602623679607692,-9.359574023222901,-3.9712600869906076,1
16.048673165832692,30.553137796054003,13.506685692651406,-2.5114335881108545,0
7.925673325659736,40.24446521010483,68.34177355137125,89.75837417820702,0
-2.8008531680260793,9.91958961229011,2.8638427201129257,5.082210163178852,0
8.387645700541707,19.14286865190616,17.54944272376165,11.071599950863902,0
-11.262710733740779,-5.499164716554864,-7.2724129678820475,10.753533585702364,1
-4.684061499698893,-1.7557085866544053,5.950910599512109,7.777796374674197,0
-10.090204771007972,4.794973377406665,-0.396760702816902,-0.6671931617583517,1
16.658081269400764,23.921558956494508,26.31028343591873,18.56858098611211,0
17.093044129989632,23.938238861122493,34.75913953118205,27.655273852572428,0
1.6552974110176364,11.633867098627643,10.928951043104831,5.537461317429248,0
26.488794189381327,31.425230302682124,36.239970854148694,20.675317753726432,0
-22.141346134920916,18.519606355006825,14.9626642330518,7.162670746856808,1
14.848652898463378,21.471582797442586,22.13819174019016,21.981850892533362,0
17.964883208889884,26.781859815745296,20.42663888815022,29.236777218433872,0
2.0329756760928985,8.994437931592117,3.959789319648234,26.3472182387569,0
14.137734747557086,21.422230605154326,32.19758185300824,17.808852998453013,0
10.268373602430362,13.359841056814837,21.127779503678667,14.471132004819717,0
-13.353066118619243,-5.225357967523566,-8.290372119093565,6.888275751575294,1
28.557838100902583,35.30589563512702,32.87893488917239,25.203229292077935,0
16.921053908589734,30.533243760222867,24.678743712042134,11.653813173327144,0
-0.3733755655051967,14.653197651607769,1.028351631635907,0.3784610187324997,0
7.535452650478419,13.79088595743912,9.198230819353961,18.919944515778845,0
2.2095037288595907,10.112056115282018,6.644740758246739,16.32953481577824,0
3.271677721237648,10.425644977907092,1.5480380496021642,20.849475478850522,0
-1.2206531286363473,0.7965267622347731,12.878802008617395,11.94976894595896,0
-10.672377388261815,-7.11799042099185,3.038137351264412,12.561682678236444,1
1.8186298833090482,13.554542108036422,6.971373201507305,7.543036117230699,0
24.015154066764957,33.54889668902051,27.094302529700663,31.088679461969264,0
12.438448673530333,29.87960713630028,18.1673594257209,9.053550383820863,0
-16.6892751645444,-9.119359517695285,-10.166246269442478,-5.367957102255549,1
5.496383700263551,10.075034122113435,-0.41501696596426996,23.77432559302968,0
14.70617506021135,22.76877727671907,28.797474368958333,11.766745159303667,0
-8.515693543681149,5.686278347142326,-7.473984201500805,7.61217151872372,0
15.735159789597958,26.01720429588915,20.29634655331515,24.489428761973084,0
24.05336675796935,27.5469939325071,34.48238226904758,29.2325011976214,0
9.671108700661426,15.565850687671844,18.737278777740077,16.64402694764293,0
6.022655884728411,5.333640300040098,24.88878358173275,16.38142422103011,0
1.5919117036166335,10.448420585412636,4.096489571855818,10.214478935223283,0
-14.6376609713984,-8.308873170161002,3.150486175518564,4.546560999352277,1
24.782686599583243,31.49589328937156,34.27980990466527,28.247582917820303,0
13.990606092256503,21.857691593626022,16.446684887620442,22.95219568870486,0
9.195987172133332,17.643566446332137,14.501770840712206,15.560888781034901,0
17.68084896053383,21.584440264440993,29.77845739586134,29.9893948987484,0
-4.593630292935232,-0.5249991476204219,7.315595630390044,4.228092180623332,1
3.1764852896140554,6.289367713103242,14.703979049623506,17.76585980493031,0
-0.03976612468657237,0.16801011715720193,-3.1930214581206595,20.862234239043623,0
-4.246123208644366,3.0558723138550477,7.48052948757619,7.22595255501052,1
5.170374181646663,18.275211092644355,18.150322361842548,4.182417829653904,0
-8.723441775700298,6.255546047307595,-9.204236296214948,3.2361649979683733,1
19.2078299918663,28.698222557464224,22.97981328982685,19.9830337936857,0
-2.1335980969775896,36.47145132590428,33.915473507095456,27.856156337361742,0
15.998302289952477,25.76885272994646,23.11724218471487,22.565414704272328,0
5.171827250809002,17.20462631663336,10.063147198368114,16.080758677271696,0
-5.50087232655411,7.50254592821011,7.005985958423924,-6.348482249009212,1
9.644402310995432,16.925648955734317,28.13173795352175,12.59224296292592,0
19.797800523376882,21.22186308887323,27.000469352454033,32.99215930588534,0
-6.894106500324763,-0.07037813961365913,-5.190185624772408,7.7568872701623235,1
4.569563452702709,4.66991127599397,12.667507009307135,20.183353110024896,0
-1.1579832837257662,3.392639966515519,11.752973044545127,6.9484326033916375,0
-1.5000494710534982,2.5326508823291665,7.577197218972336,6.709383310417786,0
26.21714646053999,35.707898964334625,31.94504264949035,19.633902933488834,0
8.958032760917492,20.059877257497405,11.568343156052736,22.256808144702006,0
9.736481350081602,35.86783813970108,39.09941475854765,28.181267158457608,0
19.080848024972845,27.61858655014717,37.15373544410572,24.11133243412936,0
7.175649012755999,16.140835134030375,12.664052160578828,10.482361348338193,0
35.7249642284504,39.76901867342806,39.56221491757539,40.211360873989435,0
-4.3625997231749425,3.5704624759341286,10.49998470753778,-4.574871239245237,1
18.000546166198024,47.7230385850825,59.97676094858009,71.09915129627619,0
10.672724396409704,17.746531044778727,17.706351732976927,16.96343195188382,0
2.842797127038192,9.426413774342496,11.616923566768408,15.33482298589639,0
12.744052464783271,21.80639713452467,17.005781906798443,13.151384575844924,0
14.461539993135549,17.405539663825536,29.421990184772437,19.399932906755428,0
-8.716072817009422,5.358510896823795,-5.163239901202825,4.12417785046522,0
15.960058849641271,28.11329312055102,20.868156796060337,21.34875316509884,0
12.522899144183327,17.788106518735393,14.231514194596608,23.241039857404417,0
-4.169427515693557,5.201873574934817,6.788369759497264,3.577693688179325,0
-1.8707988851091173,3.9955465329195192,3.9108473494396296,7.791303012002663,0
8.29384971688283,18.471479520779283,9.499723355735371,19.560749055926443,0
20.942509003262124,23.47966759458013,21.45801723039343,28.93345131562087,0
10.767275459297226,23.825341998123847,11.806025898887743,17.473767329855516,0
24.38973799276808,33.516816000884376,22.271754717860908,34.663424414597294,0
-5.451232393065847,0.6811863050300886,4.143255296579266,7.6746049629875115,0
2.303685784195831,13.953112161321782,6.778881198267568,17.474932918765223,0
5.925609264746745,15.687281302859295,19.69143938076011,19.505378074756067,0
0.18724147967195126,12.82673908847241,0.016774484421182123,12.962979415810072,0
17.66080842949837,34.597474541090115,34.416373988606864,59.57702741347283,0
-4.448893679650991,5.626427237933521,0.2883755878039125,-6.028922650758073,1
-9.32313346345683,5.758283861613567,-4.59678895946389,-9.214736243420973,1
-10.265994145495661,38.95295289190908,59.095613202374295,45.99405639667252,0
7.137288578367796,14.689992047265454,21.293108076146403,19.784997081530612,0
11.785088653208891,39.87135858692484,39.94070235336472,35.24403797425283,0
17.739239266954858,19.870498746973034,26.212581460536526,25.11564478815533,0
-2.0490708133544384,32.6303650116199,31.79328126327603,25.734802418134237,0
18.70681187549193,23.96305437122149,-4.611022590023438,2.7079144016159447,0
5.3334836568638275,16.915063986427672,11.170938439815124,16.68253605488312,0
14.38984792886734,21.13095838158017,19.535538902992343,21.85509801756425,0
9.291176788475225,21.304274335371346,16.753630310569402,11.563160418254117,0
8.999432354316092,39.88356437197523,57.435112319228516,84.3496777283591,0
24.00172732028899,35.64616920860999,37.698178684155636,25.40043219605894,0
-10.691057417416364,1.4904889076243517,0.06663395899938784,-1.7170196962122226,1
21.68017977391459,22.531935431791,35.83554445840515,29.97987615855507,0
22.960909498155686,28.624448503914945,32.69575741922774,25.29642829143421,0
26.77094825478649,48.03196555403939,60.150089755507395,60.2980829820243,0
6.440357241304871,9.54667204083609,20.170777408734413,13.043672936390156,0
1.4020570120241524,11.419732976613867,9.004537947795251,8.405281493124118,0
-10.243091541726933,-4.490364431179161,-1.7135954565937848,4.562966666155349,1
16.098051580776424,23.687447477324934,24.53702054150323,25.371130914472126,0
4.356517045856366,14.452101872339032,14.427211171999273,-1.2527062166001794,0
12.235725959535284,16.684475105987158,18.362612118892315,21.99462619209114,0
30.94938552365319,38.38017043315951,37.47212776695592,39.16041046276446,0
-21.01349400959686,-11.268431969854197,-8.916108519849686,-5.223314808854177,1
9.910556036178571,17.88969139144963,11.242870509623407,24.233875949497346,0
36.175786704286324,41.04437178535751,22.23191785295036,15.173361561585548,0
21.486241723462634,33.68617476454006,23.046887852227897,22.8577979902482,0
5.34321732833412,10.30768022595654,19.334779945607647,14.734493987672202,0
3.718596163104915,6.05243200491772,16.937330922860344,14.049266903716559,0
-0.0807140075690791,10.598350710164054,8.393505130315432,14.073198517716305,0
22.622870254182107,28.342649969326608,35.06254868524874,26.798792263508354,0
5.337569596655439,39.638474698711086,34.963471465745805,-10.813730866489522,0
9.455873994738795,23.417430630835277,16.01425809911552,18.890026305570835,0
2.3766047670263717,9.128478373518973,16.77791740044967,2.3338228610012823,0
-7.791473273046031,-0.2483779048156709,3.2616485089268323,4.877036181847361,1
13.008824075319904,34.74966324240164,18.218068311680184,2.7396551042030985,0
23.5525244899916,28.370379342887393,34.66109427197638,13.98424363996304,0
-0.0404339545082415,7.758688501517486,5.492831777848069,5.321379540779581,0
15.652831652966928,26.908074736628087,33.54883387191869,9.164660262379046,0
1.6214226095491675,6.380132073897521,15.60330329171454,5.219988354417861,0
14.609826212662167,18.89578814247745,21.86128746890168,23.543160684789537,0
17.23399305920228,25.826595165208794,29.614487336442295,23.042514793405104,0
20.18393006276801,19.44311809250214,29.819453628763725,33.62692194566122,0
7.166345992196014,21.84850165634878,13.110728426670379,13.856496454535455,0
14.713217085046683,17.778345187553754,32.411810253099176,22.85436360531203,0
18.720422841792534,21.647814052380447,26.74576368760884,19.681510071814007,0
-6.6995255798521915,0.03566320747330032,-1.1172534128509444,11.279996841641115,0
-37.132289325386125,-25.24392911399115,-35.97903302355303,-5.7636051502459935,1
37.9267301348632,38.04274902435351,27.863583170865365,29.420905189606327,0
5.120452987853799,13.061747347970895,13.295209035708803,17.42320016918567,0
13.219766567895796,25.78042898110362,11.707209637146017,25.876068678907338,0
2.026045516214682,13.657665511817127,2.3117714041069384,15.310951337889144,0
9.089882125781742,13.101520961583425,5.708179831648776,24.82108833365028,0
15.235221689470368,18.544188322116995,26.459945499635285,25.592862819454655,0
3.6085719440608925,15.971128703360007,12.83460422776974,8.349855744233437,0
7.675827021522562,36.164892584972364,36.21447677930479,20.79219067858294,0
-38.45580949474764,-30.098429884853786,-30.873308285789417,-35.23547504389593,1
3.368235586084823,6.581107228178096,20.066268788157153,17.101023818039835,0
13.877865497187408,23.148573299449176,23.71620227866049,20.163418047821295,0
10.712112781711516,14.987559399188461,24.85186351881753,21.82845762253892,0
0.5799617291368637,37.12893724274841,46.298970742395475,48.31264524406119,0
-9.205788832644483,-2.6013604279452522,-3.9579652995384293,4.338277117625596,1
-2.759755977430439,4.102506510521476,1.1186582549300876,20.345141933366715,0
5.7995320935441805,15.780460494311098,12.759338742195416,18.477958985839788,0
13.207308367348368,23.616356812265327,14.546513673141627,21.000609304367877,0
1.3031924454428245,6.77402358395806,7.9684567473359,12.482493315301415,0
-1.831485208959684,7.901814439209163,-1.7758636968525625,4.902085607338018,0
25.709260034896275,33.08291334489698,36.27926771917758,25.709586164651512,0
-7.629611150873598,-8.01119553121192,-0.20734600800642156,11.104381351224694,1
16.512153942347588,25.770350975656957,23.274082441309798,26.82848496192527,0
24.72556909142542,28.740266730303055,36.33788692242395,28.35230817865593,0
10.333458535545693,34.75569225699343,48.015761334695895,52.03291311786832,0
-4.456471466492904,12.956199240197705,-12.124694853961156,9.20979813921115,0
21.637867309909286,25.05190965379299,31.388194312839428,18.090348559532675,0
-2.9659688153176793,8.875514397844821,-4.696054355551016,5.2387648741304655,0
19.519904749901784,26.742518011896383,33.83111477507413,19.715140149410864,0
3.425988414545497,5.335440728173075,12.329731509957446,19.49397079506693,0
-5.03127720375862,42.74864570039409,77.4180406897102,83.52317794207478,0
30.13241361639324,40.15593465132256,29.42200938354342,43.6532551519111,0
9.437825597650098,22.393376657172112,10.677084054610269,25.72578706497355,0
14.32809446645852,25.049341260537567,25.035030132462104,23.37668295213544,0
17.198131193812813,28.65001447965851,21.785361844503356,18.609261394909637,0
5.995158165325568,9.32126467257567,9.64282179462743,24.235280234333054,0
-6.240126847740526,1.1503901718664142,0.5383201969353113,-2.0146607924743556,1
-27.89949870550112,-25.465040289969252,-25.495486707170866,-7.7703847512913455,1
1.716103591071756,12.627587009172515,9.01009859008413,10.66182031872823,0
16.566369462188163,30.770481598806676,20.296164436290347,26.723223009187315,0
0.02326024919678904,4.9846223544418145,5.14764949082908,12.923431531753755,0
-4.004380317984862,-4.8760512595931385,8.34393638879979,5.784823866041967,1
-8.212944061726958,-3.226441283134383,-5.033476096785115,0.8767037597771346,1
-6.632633362600068,1.0022409691136538,1.184480476845085,5.89296364655248,0
-9.396507009564832,-6.4223462615527165,5.892196218703728,-1.454257002139002,1
-7.413179898219767,2.7255392896957993,-3.0537117639185976,16.033036480513843,0
2.6424069273309674,7.429592122159397,6.490678282883354,26.567330201206754,0
13.3865464109772,25.53853273540089,25.496114258732284,10.433178535181185,0
20.31183641252106,44.315749326764134,60.070587262645454,62.65874778711465,0
-18.987868634402364,-7.922961366299303,-11.11723835213758,-10.930198003179033,1
11.64624870692466,16.5175237138307,25.359334127369532,6.57260773883838,0
18.091646919512087,19.482233258758896,32.386568625344474,27.59286660895672,0
21.217839268808376,31.24582062123241,33.598290190294264,13.85535316292341,0
4.394080928779845,8.265554358894674,4.155816091152262,17.22990576818083,0
3.191266908712336,5.249766115135563,15.64825316359947,22.43200286061939,0
25.652354438550393,38.72997210880477,36.715508078147835,23.521400787317354,0
-1.6773094733335876,5.067693775647333,2.686413003951369,11.773784302646957,0
9.699257751188746,12.148664866815906,25.632925079301497,17.015904261565122,0
2.3261146500612324,5.6674859174152115,13.049309480861595,29.575742964932132,0
-1.3943537281235576,10.462197470307869,7.348809179674913,9.372713399661528,0
-7.50561677463751,-3.067980887870812,3.103610668732527,-2.0164369170273133,1
8.425074075505957,7.573325821768589,15.180742875790857,28.71280384691802,0
6.674510087923101,14.885300513853984,17.342191458573193,9.143574244772566,0
-20.274038880993306,-12.50919604194088,-9.310419526635904,-13.46435582100067,1
-1.4387049313131195,8.785317685629117,8.789162179125546,4.6469147234523405,0
7.894687440378072,18.893785450177518,5.099720521330105,14.28441034833291,0
9.093964411233827,14.740329526067264,16.996977410625533,12.629099569266245,0
-6.119754534064012,4.5109839872757185,-2.339571688220545,-0.4248397116076248,0
-9.670413107686002,0.8753511166393224,-1.230865874094139,-0.01746028412161671,1
23.798711533189614,28.93805561772166,35.94166565557896,28.69206633974921,0
-9.921210170072953,-1.1759393240182572,-0.010671999364486595,3.2890975260781783,1
20.055939532460172,25.028178597657767,42.540556267721065,20.532323640759333,0
32.37750975016485,39.35523949941064,43.648301052260706,36.74944637569706,0
7.914093403883159,8.471879335498475,13.11220199128048,19.8595656030639,0
10.78813450740373,13.788028511002496,22.412774192573146,11.46071397324602,0
-13.582967244473764,-8.896927291639875,-2.8750825887737204,0.11143845608290981,1
2.038790329070107,10.020090465546492,16.840710359524024,13.478504204843281,0
12.398770684544823,29.33781728324155,30.114588941833375,27.987818879819187,0
21.93428225713605,29.067578530632304,38.3895954231413,21.516411704079733,0
13.30096073870487,15.910381182596058,30.58356356138413,22.950908753308873,0
12.30097663369771,20.831963120136365,23.129284148640096,9.97852071743511,0
4.636198863390449,16.424160822457257,6.4683292069097815,19.38670904820374,0
11.803658030804506,23.67392012634542,17.315613165530905,16.168605753815225,0
-12.558953624820912,-2.478617469325151,-11.382403604141555,3.057649184433833,1
-13.098775808548382,-13.053415554799683,-1.1899296814788478,0.5195187119524434,1
6.502757881216324,18.885558884461993,8.05586415875074,16.51734829405508,0
-0.046813002566446826,0.9684962564190709,4.254075373186502,13.554093918981888,0
15.910846548078418,14.215241922107914,26.220507131995014,25.82724760353015,0
-0.8099132190133131,13.585227205320239,5.625815899028892,7.967093911442622,0
12.5713061452195,12.612652010288318,24.24058217779387,20.484434081353793,0
4.598006475267541,14.656104574527092,11.449443457192304,15.852126021711904,0
6.880274922087523,17.469527403845362,21.157091311536384,-9.366512347082097,0
7.960709944004022,18.905213511680724,14.448634159984989,21.622774618533633,0
34.40055343627824,43.464442111990536,43.359011848730404,28.558817499505466,0
3.893729603963127,14.891365456972611,19.656860835759826,1.4070967220058215,0
41.92300874124962,52.303397715141294,49.68120615274631,39.67594650746304,0
-7.0389671286666085,0.7200379339507634,5.770487789813545,-10.798164885161615,1
23.958737671340955,33.534338804622145,37.17703016073384,21.342732567399477,0
7.270800615367845,13.749326268186191,15.357856841461135,16.427977682351393,0
6.850121832922957,16.341286285876556,10.021765569770745,22.160274276694615,0
-10.053274431323146,2.652894074366868,-0.798330792276273,5.155063309972256,1
19.13267829448806,26.530131062114826,35.278635855660696,20.05602579096969,0
10.364847606402925,18.617313879054162,19.325528706918522,6.7681361392416,0
9.27125705613845,11.133174315129025,20.56558756354748,15.790480845965849,0
5.991317108532027,12.530210537149523,9.777508195730013,11.562304522507704,0
7.696648875927627,13.783770972381344,23.935471382640024,6.112130662346288,0
-17.66490866709089,-10.557184449659944,-16.67259149595499,-1.6703028210931592,1
7.166516656945318,8.91111471305534,12.77037055947886,25.349367048326364,0
-4.8623073808819255,8.061983203739054,-0.19284814071705014,-0.5047725129486977,0
3.827696594247532,10.284650784997712,3.5509293066975367,20.73374507079574,0
28.389700850819505,47.96950397480178,54.21754589020885,44.71650703318488,0
4.18202956828899,16.52489839729082,10.678489787847655,-4.334726492862725,0
-5.829822494901289,-0.29215324549760524,8.213996208134626,3.946055774489116,1
-18.802707363400035,-10.673600564288664,-14.294901952399648,7.591452752526682,1
-11.887415595337782,2.028661629618046,-13.32071933600627,2.637860333694446,1
8.111930610120893,26.018416505373004,21.804957473952314,9.99929675003175,0
15.474901621023648,31.21868635656504,17.91833167354544,18.429291435634653,0
4.752103103964646,13.582664843337168,10.432119535640862,15.745370224655042,0
13.52309477317555,23.908827680735115,18.7950309949424,17.136990915228083,0
14.560476215228473,23.51829533928923,17.055375418830632,14.689970879632337,0
-11.781088784192601,-3.6873612320165012,2.523315107716339,1.308176742217185,1
7.09995415906198,11.325692304610463,13.341909664871551,25.283226947205627,0
10.611031439854921,13.275002671438214,22.393149084619594,21.557475554692566,0
-2.8251444267460295,2.216353967546162,-5.782124673119181,6.496917621588718,0
7.638530573132446,15.224027104312361,15.16365042192847,9.888126634846978,0
27.265463822427638,32.72753810657594,31.111222188376917,35.06981351054764,0
2.266473684753949,7.365121459519555,8.447678094789872,24.18034727007733,0
1.6269799522209474,4.558966466414285,6.851948457967626,15.44765728811104,0
-13.087316863219975,-0.030398972678021607,-6.952912791376207,4.556483932946371,1
3.134871068451446,14.170434442793946,12.413711369509967,3.8530635181095185,0
7.2279490515856075,39.75751406118637,41.76217032179282,48.85913470071749,0
-15.134542890006937,-5.26781089133978,-6.037173400370712,-3.776966033317983,1
5.362769589666854,19.56099053123974,13.440330727385604,8.443120690360066,0
18.323162047543892,31.002549981218536,28.68587385103976,7.775788873354024,0
8.074304822389259,9.781048390368744,21.361882919006618,10.175808218025626,0
5.755572858350698,17.19121169709827,13.85525664699213,8.35521794190021,0
5.4511184910098995,21.82104732067166,16.579016876362825,7.010139160355851,0
16.38144853362564,53.730972284687624,74.69289652963403,92.68116157077287,0
4.5761813454433025,13.585767446513472,3.001124078051676,12.23452716515466,0
4.8281263752215375,15.655984803918722,18.98740099756183,3.5761992249057872,0
3.129394861105842,7.108182988967373,20.582976588605646,9.242200841129659,0
15.532051546878266,32.243618724449036,27.559061628727836,20.837479163048954,0
3.5708109616578945,17.781958536135594,-0.5235484614731778,12.030312939038435,0
9.973203805357482,20.780369971998134,11.764219314402917,18.934043490205262,0
-26.212284808761655,-22.31280268018851,-18.31816356252175,-4.695101033409269,1
2.630565331078445,8.199858491506117,4.43112173770478,25.852677306097718,0
9.93442532873549,11.222312884061768,19.67019797583788,22.25700662040088,0
11.275708817698987,16.513534988348304,19.74762112466525,26.33795111940018,0
2.649829248900085,9.149474192656896,16.97674849919499,9.875584973117018,0
23.83312425282416,25.70490616939909,17.92203919567742,46.09024804637221,0
-2.5350964889730117,7.767682134247247,4.301115757719945,12.512443029482759,0
6.761934792668614,10.684381374991162,15.610618106470728,18.33796219332834,0
-25.160975724415945,-16.774302214719967,-16.111937900197347,-19.973012096932464,1
-6.663130836104288,5.9571475454516785,-2.39704949873113,9.798881654489708,0
25.287584782155044,39.45063326587362,52.22767158410302,60.339300105255305,0
2.982675698136287,28.17348568588468,24.149821088700918,8.65057219280708,0
17.89713646559702,20.508023747961325,33.1002078722766,20.792696676215375,0
20.63830654505239,40.54766183751939,40.66958703882081,34.243914788878975,0
-21.65604852519489,-15.414972861123745,-22.39803408964522,-5.7516385096792035,1
-6.284987365998407,1.42926213362683,8.049245076100274,5.898433585423137,0
4.862676973077971,12.040773376283223,10.476637507735468,16.067358948379642,0
13.042365156622317,29.933459334052614,17.666548635509873,14.734997536606596,0
9.955195836154958,24.18020008505014,15.532194146887194,17.211489249004774,0
-2.8872910040839734,38.015204368373105,66.86957943066469,73.20393721050513,0
-7.081456493455211,-1.8322624064401296,1.592564285984185,2.5001566288837456,1
4.211672460191632,3.168654273923103,6.9974243368893205,24.823177555284484,0
3.3211134450474904,10.808784496214697,0.6794311197186609,18.06785669034171,0
9.518418570599131,3.478529788983993,32.79861026342293,17.617940165005795,0
-9.135962330059574,-0.35696173832452516,-7.409689980389743,10.06033097863326,1
8.206504592759373,7.592544947282528,16.342830875892474,18.215335617433542,0
6.984339331331757,13.704211792885452,21.023358021349924,17.36531759794168,0
2.140140376442761,11.770681893355365,5.741539870611429,5.326589778502534,0
7.365591645243726,18.795812334998487,11.83633285289836,17.656086254209495,0
-3.7909956516296015,7.560844146024642,-1.5998554503956814,2.0135653858272278,0
20.927061303413982,26.75495266366165,20.59149641621299,26.92789317516137,0
19.289674086831557,31.139007289663425,30.071971886634277,25.476384098164466,0
0.38456575215682776,-1.8830020836219656,12.427184378393799,12.002111323900497,0
16.702779671867468,23.67653027329171,18.228914065850883,28.66424044564306,0
-4.605373349781002,4.629800807846291,2.0488240223497023,9.833243474935514,0
20.588499184148688,29.61589323298601,34.22424641417159,18.784426170234422,0
28.597072459204373,33.607051224996745,41.525127511810524,33.626455851368064,0
9.015413064520217,18.99155898796416,10.86713849964388,17.15086836546042,0
-8.68028467435018,-3.908758671381646,-4.486181471100135,12.750413726202718,0
15.972734654211624,44.594842400418734,47.588050341437246,43.15340247446865,0
16.22179664174325,43.20734427564796,63.763647306753924,98.80640864223571,0
-14.418043964585376,-3.8774125543536204,-9.0889685194091,4.32006021294014,1
-25.09837684620685,-14.637558988947207,-25.197988066154284,-9.403402002426976,1
11.720019174948494,19.953455336941264,15.696508815668025,27.183038371326425,0
7.556473719949247,15.875810529535432,16.64355774844058,10.796717609304617,0
5.886229682185055,15.006789935172842,0.6860776151655568,19.44183079253173,0
17.480056026977774,25.105335007934002,32.05388530614094,21.68147565212972,0
6.500103741750742,18.936361806848424,15.033056119179504,1.369517420756024,0
16.228128609177904,34.425878939511904,34.77554206929373,7.733700567683646,0
1.1986993873926615,9.511120089303875,4.302348858390461,12.573675582404796,0
17.453423325752144,26.195578016934085,30.11295405180315,9.90632167367867,0
-6.522193273208014,20.67097564863907,15.926624492529719,-19.121261572486205,1
-10.60682813594704,3.7020673873143917,-16.93350841314617,7.591325802617757,1
-4.885253392589809,2.2970259114138933,9.116484268159654,5.501184024932188,0
29.62157181169241,30.96528316169394,41.36847496454935,41.13577207234273,0
-10.076348458297797,-2.079732519474412,-6.893172754186715,1.0445303856034904,1
-4.359125551087369,-0.7236294225385258,7.498568448326436,11.976326736312153,0
4.348166857193919,13.379306547334195,7.899904880943349,18.24173448704577,0
-0.4040841457230693,0.35376919037348387,4.146122987341625,13.693119887484745,0
3.6746998264239767,9.338891910961664,18.082770373876546,11.443661598558258,0
-4.6422328296792115,4.327778148240604,11.806309803118504,-0.9738431786346542,1
5.517665122938012,12.04879797400823,8.021251390882183,23.46502192299384,0
-2.360572769883337,7.909300283011951,5.80000851469822,-2.4892601059859096,0
2.2913317045182646,4.894204463824076,17.853133098941754,18.176707181632054,0
2.351322483098198,10.392912950943495,3.661894525962037,21.87801003545178,0
19.14358879286988,27.371784040986462,21.93236070791587,24.521231767020563,0
28.742960873304554,40.00750077701165,35.002792935267465,30.81405235642606,0
6.169644376749115,7.518698746933067,7.096806386062368,22.01306102857867,0
15.961796442622532,21.399608165304745,17.49941805359522,29.229634640878945,0
-8.28874395146656,-0.7884613854357578,-5.754653145512634,5.881141679415874,1
-1.645063804175381,18.68186800188318,8.729185553537697,20.690096166572225,0
-4.511015249919239,2.9471773531737835,5.54277773906011,8.478003267714264,0
12.645218643635879,15.32260431243479,22.124522732770025,22.67608882268168,0
13.876563502791765,23.11652244619113,18.42963530441041,23.22897828044521,0
21.554480128761067,28.873411783954793,29.318971347603018,32.58762612618722,0
-5.657013257858847,0.4314182544852727,3.863408932117343,13.310838086877174,0
0.11594248794170525,1.8521343840577522,14.337096118484618,8.872072411031073,0
-3.5238405284579963,-2.1910580027164688,-2.669825871034936,16.945904125934508,0
-3.8505461547009388,2.0970145789278583,-2.989089618824334,3.2960808194922553,0
-1.105587027602077,12.217461036644098,-2.207035067269633,15.508323693812443,0
-4.293905824850262,4.768251400603392,-1.733871397103817,-0.8049971821962991,1
24.862033463548002,34.62719482161584,49.61365720043514,97.51260474283225,0
2.023182085185041,11.24119898083968,6.972231338750535,18.690147526256908,0
21.859041899703175,32.05656603268092,34.29301604733724,23.321954054514983,0
1.4723789390911963,15.32558041222441,-0.05917142669701647,11.211426950243935,0
-10.94105187007494,-4.866334108662576,-13.664836943417082,3.408256041838797,1
1.7618253573527403,3.7708666774410116,18.538618650130818,6.053660792877615,0
2.2855133533430454,18.605544444966373,13.025280248640733,8.386501094883764,0
8.13933516713734,19.77716910223907,16.666637260912008,22.292761101562213,0
16.91447299349048,28.62700264782419,30.493832003800986,17.28867199433761,0
6.813880724579395,10.127065795094346,26.0656749382126,11.379000292830252,0
10.760964680677386,17.056821983211634,14.00595186475243,13.317703358259418,0
-1.8254590765301613,11.783694178856521,-0.3772120203655156,11.230907514981197,0
1.4849336954572339,13.480946431862185,8.443079530246699,-1.539137715014629,0
33.51297819460557,36.52183883814966,43.40460484716047,34.38893735550615,0
-5.353469217405769,7.200809016321786,0.16347761311030595,3.878730525876289,0
-2.9630141543392137,-1.0917475282381535,10.149569786731272,9.38175372068622,0
-1.8021973370261657,7.568200615217893,5.312781247714881,-0.9931219295101599,0
25.596221333875267,33.16199929189176,35.065471397783085,31.68616655817132,0
5.173164780157023,31.175114064225678,29.934630573339806,42.50689536181809,0
2.5194269072208693,13.084597178853908,11.282439988904832,12.28277616954083,0
-11.406955692401105,-9.784614389171372,-2.073885935632063,4.146417957719311,1
5.718077150450862,12.638837962372332,12.652253518327223,14.314691295331862,0
5.5026601380887,7.319761803821577,15.441542284197777,20.5960750889451,0
21.722343836053312,29.12213197173982,40.21585944307351,21.626121931324,0
5.520717257760202,43.37635878761247,62.612161410144225,67.73793468421886,0
5.537778685010143,49.96268773129957,95.57696311014666,117.90772288027134,0
19.956206446465327,35.268177460670266,25.54043459690736,24.450727460508908,0
11.67929418051563,21.10788192836112,12.90866797615133,20.99604093539769,0
-1.6732724978308893,15.007413816346181,7.726205107413373,-9.270409828318428,0
-1.6392287989927983,40.09052407693957,54.13533361619726,34.452425825943045,0
19.57744000568294,26.53389050799433,34.987979574738,22.48140274209178,0
23.211294955569013,37.279626843658896,38.30039180334042,13.652777044929628,0
5.236960814472517,7.878179881480317,17.58124571488473,4.5733160705849265,0
13.36120583003845,20.36744871802189,32.36742765589038,26.8113456846031,0
-10.137587340466212,-4.518191520207855,6.120241932050507,6.840622336999542,1
-6.923943782390439,4.940728340543835,-7.914492348121335,2.5393560057854607,1
5.811455835236905,11.854970847972618,15.575791649341348,14.722247263686175,0
6.849846257799504,13.681414689998073,16.644673114794728,8.93485134432003,0
-6.874644020458018,-2.602961930995342,5.625874948148304,6.032946616005371,1
29.35815921250486,37.413401523967885,31.296675215843432,37.09534392680352,0
4.168629298638737,10.423742062686808,14.459216780071966,16.67645610259453,0
-6.999964068034234,-3.307739460744907,6.088080086094021,3.7393766463194975,1
32.62748082370065,47.26921143916094,32.78712187555446,18.012460709813528,0
-6.609871874813254,11.03068772821766,-11.331842940964187,9.524272922007897,0
6.24731052959322,16.610504050937195,11.082585016175274,8.651667175083556,0
9.544574989072558,16.99163693624846,24.73361585574902,13.194498997137549,0
-1.7495164910388104,9.000278870344198,12.991264073969848,0.8111596425053254,0
-9.498236227788464,5.757327395143323,-13.245967257952195,8.978728821764555,0
-1.8594488451645415,9.622723101389337,4.746032840192397,1.213732070675693,0
5.270001140298459,7.55515901776926,8.795521793139393,24.259756757980483,0
-2.161305061597729,5.690980658209848,-0.7920070184735639,13.782319872429897,0
-17.3738801772453,-9.366839947308131,-9.731425174985866,1.7079852751578226,1
18.22132685628531,22.04117132001868,29.19217107843901,20.71036790743968,0
13.196182069732043,23.76331603772434,24.818242759731625,9.112671669422816,0
19.89389200847545,27.08285492919243,28.730355446103776,21.58817779183543,0
11.838793620709282,19.00974876631701,13.631197195554577,26.920210791538985,0
-1.5135717916649343,9.117905097464233,17.06661633880745,7.203070379646094,0
-0.6096267886796483,6.0540729343059905,9.384283368378346,7.467726721435967,0
17.112461689261636,16.905886113098042,25.095911305244115,38.15012582373778,0
-11.739548275011067,0.18514194958977015,-9.317953703392007,3.082774064501315,1
5.156488556374873,15.625702194121043,16.005974075772322,9.24957334753579,0
14.245364991598496,29.244768443888262,20.647389166807315,21.072201615800353,0
-5.760832039089466,-0.4836834785930204,5.588408737186388,5.474363791297531,0
5.784238810450773,13.45734697331533,14.564036851882921,22.495634028480513,0
32.904710326687734,41.23021351435107,36.60024209124391,29.332260375743704,0
21.1445467929958,33.82243929441797,29.16089433622223,7.8570409448483245,0
13.862340779049688,14.199772332676055,27.631405917869948,26.440418092176404,0
10.338182516996355,14.376727325909446,21.040577560862168,16.95717585732192,0
1.5245899438526753,7.789463882212203,4.378358453971808,17.746841964096593,0
-3.618287951906442,20.3397739069147,-2.6922643043635475,-43.69357295306866,1
4.096357735522956,6.375398940298249,18.98890259579679,17.133423565767135,0
13.701775578339952,30.351564993757172,14.378911077025368,19.21508709540932,0
-11.839418397496672,0.12089549005577638,-4.58633817535226,-7.120159306933438,1
-3.9409669474097653,3.4000618620385694,4.70243669305709,11.608324889906989,0
3.65720411847247,8.018698267836367,8.653772723820268,12.381597473872674,0
11.224950883067294,21.300146758361073,27.003011590160504,16.537558857242086,0
20.040190543955813,40.58536131191943,59.26223743225604,89.78576055560475,0
7.742634679752664,17.248327207650657,17.927902244757828,11.977421154750441,0
-5.032002758524972,8.600274348498104,2.254749880192165,-2.407930621313831,0
-0.8482394073696318,5.097815275285161,-2.7788135832604848,21.581883800783473,0
4.018227016707304,16.61131890936353,5.719199107120518,12.202959618260216,0
7.114659618659765,19.090536253745555,10.497083342014616,15.299182454057107,0
15.850822032467711,30.176703451530855,17.91773910762867,19.83566265837726,0
-3.0903414691887994,4.99023909420556,4.82681987836232,10.492383835545615,0
22.361166826895623,29.554314064373536,25.489404201415923,23.780613349599182,0
0.9821214662884516,10.0073313598238,1.4885258599665807,13.8228400953363,0
-11.668015710854942,3.867269935336626,-2.5019721340798124,-13.064517367297398,1
28.944266757019932,40.86247273225864,33.270999435033815,35.886805792250144,0
-6.230938267191932,9.539491409799096,8.465736092298734,2.1112173606597633,0
0.6137775467257516,5.0607221052859614,10.454116605097388,13.797263283066396,0
-5.9884871866841705,4.716535830439325,-11.583004702681961,8.56008210500298,0
-6.626627570759223,0.6859891227159327,-1.374023073076847,10.921492483918914,1
4.7870728893262715,12.098603389900587,13.691614254101019,14.52643907584137,0
7.420119888329999,9.150615146908423,21.778873067608806,15.727422857249916,0
12.530792458224644,22.71926775980952,1.0564045309395595,-34.21328202226825,0
-18.918820704058206,-12.628293766576407,-21.706712273071023,-6.7556413573312994,1
-7.678948543802327,-1.960681538857024,7.949992096709594,-3.8789636702362635,1
1.0844757223588113,12.291742560909343,6.825002555945658,5.701952804168102,0
19.57864038056332,32.19103653134703,33.01857014896968,18.645033216047466,0
-4.066586061505178,7.188217459388305,2.944216125285708,2.968903758321325,0
-17.035947638325375,-7.72886075601509,-3.6706492721332147,-2.893949871315318,1
14.694719460095566,19.0264224708682,15.694662622850021,35.555056859766665,0
20.84042809981041,33.310651569298685,21.72248058912067,25.918366609330313,0
-16.284095275689882,-4.403589586168019,-6.69827486155873,2.187850841567048,1
-4.296625851802713,4.54769303473849,8.129704433208136,0.881606573807435,1
-4.556207333897993,-0.3750577722298001,1.9737254562504791,11.90683218597012,0
13.912214556304644,16.462403562331957,25.32848911652131,15.861253880453386,0
-4.611592146355931,2.7511762600395766,7.64287849380502,8.871964202638122,0
17.371415382318034,27.770511138880472,15.20358137873424,28.868391785054975,0
-6.521409946461419,7.260669443682345,-0.0036721238383545796,-8.36709272710792,1
9.861693688753054,19.937747282098638,20.181837501675123,12.511110920154064,0
11.793441386561392,26.589761896811623,18.486436647461197,9.863137271758767,0
10.833414569113192,16.252359105696186,22.80728568459213,13.782021600805539,0
-13.050342335604451,-8.841927291731908,-12.543277329828328,0.18391037398394872,1
8.217745564078935,14.546991898798078,21.618396001849156,17.50214934908613,0
60.96330262083906,51.351757358324605,42.558154950168756,83.54502572867196,0
18.06117386077135,25.180201704712495,19.83154577955897,34.21881611314898,0
-0.38723848285910645,12.128944636540586,5.145018019937288,3.7271889367722792,0
-3.1895398880607795,2.342082539906208,6.120346318209623,11.858104913371113,0
-3.7038538391990334,4.529571132970052,4.569439350734434,2.9991096654418694,0
-14.73544162649274,-12.52241846484184,-10.473267394448431,12.183552627406188,1
-6.665160643085566,10.325242265758984,1.0049875972204099,8.766235254768723,0
34.87089936159226,51.16032484537693,32.865047659563004,34.7219559333336,0
33.870601655665205,41.460675791315204,38.80340180547004,34.76928795793081,0
1.4657011209390842,9.518227959922058,3.020995114759433,9.787093790456801,0
9.570949649022133,20.31548248438659,20.8587093313635,20.13780086174236,0
20.22706590623682,26.54250130842813,21.385363513414394,39.314883455069136,0
8.701995334849919,19.826445549828474,15.706900290823217,16.52914163689322,0
-8.926445197019387,-2.127440474667882,-8.096548065320935,13.262724857987791,1
-4.686883022976093,7.205451922830646,-3.6121551659169135,8.040812809216419,0
7.969330539842574,16.661073075418514,10.956414120092873,14.4049877370698,0
12.278065655569378,15.101873134966294,19.187046388890362,28.973860754674945,0
6.0225286743380595,10.244963316294477,15.563155552183217,13.568700891524582,0
8.29496668365753,14.130016358649238,8.820865366636902,25.078706677230368,0
2.1980096679800925,13.31999814203466,10.99752584660382,11.69813878578685,0
-13.113619068863255,1.075683149337289,-13.261463309872706,0.5696644450457864,1
6.18465070368943,26.643931198526037,9.566913742935306,-0.3006330457882811,0
-7.827595613306593,-1.7034689550002575,-1.9596347230788798,0.08346758125030718,1
38.21506454918869,34.110484662325035,12.918686596898898,33.62885731843847,0
-9.913123581427207,5.273100786131405,-11.696429232861568,-1.1703974760413747,1
8.420701397293252,14.989327609444047,12.190400940160682,12.81042239324136,0
2.4362316924745944,7.270990980217454,9.855743623897423,12.091406791728234,0
10.839141160778956,15.286503758903978,19.46523205166659,27.197456236782113,0
7.849034966605847,12.744029368323815,19.439742915035286,8.52281534963966,0
61.70104797266539,63.37060569382813,64.15298258836727,81.83712545882295,0
9.681691308539037,17.207987625615324,10.313518218097006,19.356400478320996,0
5.795732573716846,17.458444245644372,19.400238575887055,7.972121235737158,0
5.944371445091624,15.859134720768276,10.671252988351608,17.27559574754346,0
-0.8505492056535289,26.462611983265738,30.47401083932287,44.153659161658815,0
17.697468677276305,22.552588765781383,40.384770653356924,8.306188338629438,0
31.021069626146023,40.217499687701945,41.97030570297561,30.838828533124698,0
19.703307830250708,26.179852914091303,31.079613943850234,32.52262366465299,0
18.47004564569776,26.694987987777548,28.379618259944024,12.24269351240411,0
14.591492022456471,18.413948275508552,30.66540756466151,27.65556104081418,0
9.913361530254498,23.452451839342785,9.262435696478558,16.736348336047,0
6.936444427257133,17.704364011402333,18.21158403377485,13.525029763355208,0
13.711364105429748,27.190506589619048,21.41253543427088,8.887919529219257,0
-7.24984666860922,0.9149210782687955,6.258282856481082,-5.1241871229550675,1
1.3644346722700869,12.419538695910838,6.025658951773242,16.746948644101618,0
2.4550883583879726,14.431211789009076,9.640548385082148,14.414857085346194,0
11.314988991140044,20.737260789573902,26.511715110316587,6.720865994977024,0
18.880578820911524,38.88555774291837,41.923887488658295,60.70334711402246,0
9.885525947102291,16.605928653851137,14.075697773719897,16.21269944893564,0
13.989341825901079,25.119155920527085,21.61492115886564,13.562103463040172,0
-8.008607779400489,1.1259293048972392,-1.4958396038165596,3.4123997909591726,1
8.203412525505446,8.4767330034138,21.577801420312262,19.441453064282282,0
8.495677403883288,20.250942323266077,9.230323646177112,24.886677121929136,0
-2.029231855906212,5.07325099683564,-5.086664886169128,8.899089461464081,0
25.365964154965102,35.682327232571396,29.751801033107323,28.20245042651229,0
-0.42479337534227923,8.498595912601145,15.309350741725535,6.874205139495244,0
11.21378996259704,20.97446732507125,29.93831935352186,13.158891086193037,0
-10.785156741300685,-1.825144652349218,-2.2232136199797754,7.640749995098075,1
-3.133869784618594,6.114696769844362,10.004322353159786,6.518250922420196,0
35.49263620403758,38.38640023309323,50.0834104961318,115.81248849926362,0
-2.248903698131347,7.7984597751012386,4.1573525278978,7.0470860332143745,0
1.1675441378604399,4.007828451249665,10.231997972354295,17.535319655422644,0
3.3525934104512567,9.035279721571454,9.458756823644535,20.933171610478364,0
-5.63478034660081,5.309651086136212,5.04806790292046,7.101168774416881,0
3.7442357065022076,19.179910643791658,3.5212698663814646,5.210089969639043,0
-7.227839059197097,-3.9512180801672425,9.785869105229173,1.8949333819302723,1
9.927725169696796,17.318218568990257,9.954672637804673,16.49226251810508,0
15.573098128265947,26.34621309150097,23.404600905957007,22.63261235297211,0
27.536973945078348,35.019974064717985,44.543755467296265,35.81020430201501,0
-4.969233480683873,6.05921035096123,4.4741184380817955,-5.27880189729925,1
0.06342206136736817,9.98727498917113,5.330334051850421,9.837126611402127,0
18.064650839013186,24.80807713184131,23.503165731774402,10.59475272786954,0
15.835949670320439,27.111079377186645,14.29658757371105,28.401889635753655,0
25.683870806535758,35.115510526034384,4.0443823513596335,-24.614044646832973,0
22.502672713214242,31.457079517715847,37.727344888133196,31.08650188026001,0
4.961958307152312,8.69213368774552,18.530459674024087,5.561055071160959,0
-4.415627311087241,1.0361902628531592,7.03454915071356,9.347330174175568,0
-20.443576713283854,-9.847924433563799,-18.514347346548817,-3.3525198389017135,1
31.17401806341088,34.557689589497535,41.01929802452492,81.56301654689719,0
-13.506557757260058,-5.975323509840104,-8.252757916251579,-1.648373576681232,1
8.35960286969244,8.4503209341857,18.931959384227042,20.307132272591666,0
6.048426264839966,2.7748749151180387,11.983901008965509,24.82743238521191,0
8.85760802751431,32.38981825950157,18.390302593210848,-12.981258217536777,0
17.372476730906943,44.7784679231401,54.7643513732917,71.35361707152853,0
22.794162729145597,31.236574057039867,32.70499179349908,20.97754451863614,0
-6.402427609903927,7.020338926692647,-4.398208520807504,-5.561024619988281,1
-0.2532003375059837,1.9261801255350903,9.336627865481422,13.543917640741153,0
8.611327525675023,16.50991824158679,25.0078268119575,4.346056874389321,0
-1.1477617695936013,6.7034606445902805,7.350519329643682,21.954607295193167,0
1.347116047057392,13.692452400906117,7.60857446391087,9.453876043366094,0
