X1,X2,X3,Y
2.333173844524499,1.102163232351325,1.8445402573082337,1
2.0817500470549137,1.4497765683255528,1.7003659924294046,1
0.1040588810941887,0.2555089408278618,0.9799639996068216,1
2.0727884681832203,1.1609284895300016,0.6152127423126944,0
1.1845956094282568,1.2466069152229973,1.0647895014066746,0
-0.3632111708942056,0.2585759636255143,-0.6094344729397342,0
1.4135374922436417,1.0130632310325505,0.4382526438774434,0
-0.6999519122567203,0.3267198706540606,0.046858488980084156,1
-0.5270722734920589,0.1751888809756652,0.5136266426076919,0
0.7343887775458987,0.6078304006494647,0.7688489319310012,1
1.085065912645802,1.0879942994103684,0.03893050169696721,0
1.0068352493241877,0.5276473757488412,1.2626892512091832,1
0.4622065602743407,0.3554598201043778,2.0833582698678144,1
1.153223170433771,0.9993009481264373,0.5749730027358445,1
0.861629364417854,0.8610025990890484,0.3406213902616966,0
0.8213554378642249,0.9362215617969412,1.1926266632088212,1
0.9822682667569165,0.8120076874477817,1.852653910253011,1
0.2386512182058752,0.5092529066172937,1.0512319470687344,0
-0.4208266033820451,0.2829656930309755,-0.6400631300149173,1
1.8447158527156082,1.4438499175411188,0.4142285071629963,0
-0.08582460296931754,0.6047337582549606,-0.4609318062353447,0
1.2865969384803426,0.5970173895815709,2.116614261527121,1
-0.5174616910390791,-0.06529317205211616,0.6309213871302988,0
0.6511024554052347,0.6365366847789504,1.4969566456712529,1
0.3536170152719327,0.41307028024175274,0.9359648625383209,1
2.0639403242820857,1.3845518344416614,1.8884795966427976,1
2.0633982002008686,1.5129355553617971,1.0813272860043668,0
1.5749391387010616,0.7908304468456564,1.1661907801019815,0
0.31094457819201016,0.5122937026714687,0.5764374261011266,1
2.5735261822870275,1.5735586470577487,1.3401022292478877,1
-1.1937875490969612,0.47109397280729404,-1.420562936280291,1
0.6641262775532691,0.6699674616698333,0.8713235720932075,0
1.1357817669554862,0.8064198083123073,0.27004911029580503,1
0.8656450964319313,0.5966001454928495,0.7819254457947189,0
1.414876335307237,1.0962721589050852,1.3064157865753487,1
0.9776216675268015,0.5977099535883581,0.6245367580063614,0
0.3280492951486498,0.9824715935659643,0.895978950082378,1
0.1123572877190212,0.6567892487664769,0.8357736610732671,0
2.2900582806850887,1.0597947346762404,2.56674299331953,1
0.7517289803758628,0.8989435489778503,1.6973315044689223,0
0.033564449594366996,0.7411125276708785,-1.009283009349775,1
2.4263946325468124,1.4597234287653325,0.8366329371040718,0
2.5061777707930806,1.6263866403763476,1.2476797139752527,0
-0.5391357025880424,0.5308833971892113,-0.46279389913109936,1
0.5980963479010954,0.8545849778604303,0.45893806915504065,1
-0.1816325091108975,0.39891749193950476,-0.5665951241054592,0
-0.7542462924986234,-0.12332778142469214,1.1384251541035324,1
1.3697876092349357,0.6253594039657966,2.764519238026737,1
-0.8721272871565947,-0.11305706223432788,0.3009572101101201,1
2.2856695500923188,1.3618107646725193,1.0752253917106405,0
0.03669736030385451,0.9050119362375244,-0.49723550720481835,1
0.32419280562648956,1.1110090429754877,-0.6580916334647686,0
0.5051832963793866,0.5835753396499481,0.16590139008566207,0
0.33344467483120277,0.24290987696385602,2.11730721652788,1
0.6931064288478308,0.6504408137380386,0.20792267469354608,1
-0.39423149950579595,0.44949256211092853,0.8778569912542692,0
-0.32035942656088057,0.5739088245094309,-0.5944800342205938,1
0.65898774837946,0.7359588039529443,0.2861656896065763,0
1.6101679864866212,0.7560762851774065,2.7907385083024208,1
2.754181897841882,1.792668122202641,1.7947208374499029,1
0.060319417967716116,0.35014093023593973,-0.041412388507126696,1
1.5832126248820302,1.0766868839030301,0.7448397428540812,0
-0.3407936761122138,0.5713785271881773,-0.6326104310600761,0
0.2256610730193157,0.7423178859960322,0.29314189802466384,0
-0.5160260697036098,0.6330964401239256,0.2679550015897537,0
0.06299541055928282,0.512428966031241,0.16267533259386235,1
1.6027569808866566,0.7800059808368206,2.330198949051124,1
-0.33464153531875274,0.7432849107079905,-1.1979587464411958,0
1.4077721846740232,1.0635140153790923,0.04341390557043312,0
2.214963007021524,1.0292712912524933,2.8926968698155644,1
0.7638810245060883,0.7562611489321588,-0.12516944319101175,0
1.0338580337843786,0.5810374723796502,1.3157437407254824,1
0.3590176551152635,0.7650211727792214,0.7320633633940468,1
1.0454771387297022,1.0324509005768143,1.300252470381868,1
1.2959554250047982,1.2309817307848636,1.6047294981890086,1
0.2504440940590045,0.5716597349422312,0.9589627425458529,1
-0.020324894564333396,0.5250182209419982,0.10084680137309177,1
1.1394268902765057,1.0143747587747265,1.0529489556341671,0
0.893429910723374,0.8335072259503065,0.8611999250376642,0
0.0814605412131284,0.21718659380184135,1.1799495503312523,1
0.33908357170912184,0.7446508958874395,-0.3106914341193634,1
-0.2759165296694912,0.5865593981699802,-0.44379181018321356,1
1.1830199723773518,1.1999100977566128,0.8359405123439984,0
1.6221288044964104,0.8770567182982484,1.5936676399911556,1
0.5683670699683377,1.0871677088751097,-0.7938187583429177,0
-0.5939685413257715,0.3120518016138769,0.27598586886747667,1
0.11563233016865992,0.7699978525373782,-1.1335484365583555,0
1.3310670741746495,0.4912765095939805,1.4326905352260777,1
-0.3039156690697947,0.31959659742909774,0.43274572724900523,0
-0.9679919704732323,-0.3363772187805611,-0.41784870518209527,0
1.612244202857374,1.096757197173325,1.3689774614199577,0
-0.027696477868516367,0.4206168966026344,0.2214872649975368,1
-0.26397223872253645,0.24738441985427426,-0.5093627566497054,1
1.2371590580735972,0.8432761770590695,1.2211890444069688,1
1.7573649980836281,1.1225059521622514,2.0293870006309227,1
1.7784752168513225,1.2564553458769487,0.42922851675938495,1
1.3351729270158583,1.0464442824225344,1.6164796073034635,1
1.4824737490817403,0.9588383953003218,1.500051249767158,1
1.8080001897963909,0.8616821280475214,2.373341874853696,1
2.201347430867357,1.3003805970623672,1.2980560215695909,1
0.17777445007593806,0.39856150496342413,0.25122209822350894,0
0.8715030240147834,0.924159858277616,1.4219919850200784,1
-0.35311511950110674,0.7344921295768478,-0.43679494823170373,0
1.5891224031504945,1.1084764205113042,2.4632581610391817,1
0.23690544435579397,0.662453268073275,1.4829771926256547,0
-0.26621666908998975,0.24043838972987408,0.9067876466306891,1
0.37329171060071076,0.49635912353600214,1.6872564636924792,0
1.5938189498887412,1.4340480226369472,2.1777945087941166,1
2.0756861275080216,0.6866630681601129,3.626290341153244,1
0.2531629865381253,0.3190896643034866,0.64927216518058,1
2.4306342293733327,1.240136581293783,2.0481821528856945,1
1.7975940735555116,0.9497042095284144,2.7573313674205946,1
-0.5944940236597627,0.18971882372434665,-0.6813223931429662,0
1.0666892256775005,0.968862918294407,1.2294266003893408,1
0.03309367205569025,0.4480241359845685,1.4041122372841723,0
0.5585400955214515,0.94051694942104,1.0551726941533044,0
1.9095054446765194,1.0076041957980102,1.8186645051261192,1
1.7780613235166687,1.2576179337188527,1.1905577287149178,1
1.0012669467628685,0.6413051514323277,1.537614499668627,1
1.1701151522014546,0.9360267217940609,2.595585969357934,1
0.3955513153834157,0.9184451074964304,0.922945971677221,1
-0.024390962395315574,0.5493151307308914,0.8592076110197406,0
-0.20593507764032293,0.6122446366581896,-0.24647926348906823,0
1.1255434007408003,0.971624678499627,-0.22313994459884667,0
-0.7360992294368328,0.32678170139421653,0.13202000087101384,1
1.0611548207078605,0.6284106902833583,2.2477464412362886,1
1.4219365322878295,0.9404567280740924,2.264066280641201,1
0.4468473013059516,0.7104215607184061,-0.07972282979265599,1
1.1689761550763647,0.6087598030997301,2.708747390170795,1
-0.22908435411814898,0.9540983792038151,-0.6501610470987185,1
2.212480016097952,0.8829849006044962,2.661790437685374,1
1.980124059830172,1.1570607318827497,0.9510658288348726,1
-0.29922160815457566,0.8951093067127645,-1.1101827664052286,1
1.2441982894525219,0.4062099891915683,3.6608189285009853,1
-0.2617892556308309,0.2777487119722909,0.4615677882781183,0
0.7682164177037744,0.7325401400172395,0.36015523462695065,1
0.29421545802308224,1.0116956282613963,-1.2404562278457982,0
-0.7185770911713001,-0.2013537015194461,-0.43623071332346874,0
1.1166938046424522,0.7412650808948178,0.26965866458862353,0
1.968607429821835,1.4529808042227688,0.8543996150386316,0
-1.4289291827826451,-1.023863034310365,-0.07401317324198531,0
0.4272754150245418,0.41168067122056773,1.2836127731620457,0
1.850428934631216,1.2172300902794575,-0.08244790205084729,0
1.0928093082328494,0.6012960467716907,1.6448794839747976,1
-0.49027534558150637,-0.11877444343588478,-0.5212737292933534,0
2.7502737195717746,1.12666617317982,1.0860172462495896,1
0.4943783361986393,0.5555930463504595,1.4648907401450488,1
0.43753746973475727,0.7853284521869968,0.24861066239789986,1
1.1160781583488295,0.5650292987215557,3.0664326120385743,1
2.6960724574923303,1.6031746268643075,1.4288542125923707,1
1.0155236997122368,1.1327465169721687,0.931758651390757,0
-0.043496314641011,0.6504224387269333,-0.7058015256099379,0
0.987251048341719,1.2138096367400624,-0.1464675289532138,1
-0.32199272664776746,0.5645328495707762,-1.1276345707066815,1
0.9983847335430254,0.8201356443622176,1.9274883109267864,1
1.123400085857845,0.8518935529018966,2.4129712351519066,1
1.609262358164456,1.49680290015,-0.18300356426899644,0
1.6899832738736755,0.9851451198650547,2.7468148147965445,1
1.4227978229024028,1.2921814007426073,-1.024099936488622,0
0.5119344535406741,0.5100426754971618,0.10120549575163573,1
1.3466574681863195,0.6117989828792609,1.2509774746356872,1
-0.6966739665135057,0.40406771303937994,-0.43282130747804315,0
1.6257551142882645,0.8974849651768124,1.4531494269583598,1
0.09019311044046247,0.6970281242006473,-1.1016015490361373,0
1.2172953341581008,0.9834106852567032,0.9215039677430489,0
0.6696342570818199,0.6471890593946235,-0.09664979884292113,0
0.7901778119249827,1.1501002619483898,-0.505182021052758,0
1.280606057594366,1.2899320686231415,0.6889636915676997,0
-0.09928754926492533,0.6036529445580335,0.16476070865025827,0
1.0386733328749491,0.9378699854778014,0.05014776500625895,1
1.871030407148723,1.1733964889009418,2.608302897819951,1
1.1187189399945456,0.7219207853462123,1.326350871005702,0
1.5017336461617974,0.7453052847606202,1.165490370529477,1
0.019414966760791463,0.8254998028138821,-0.17018184530595581,1
1.0688260938859624,0.9500667444466941,0.2891657304802754,0
1.7008282881060808,0.8309803850951307,2.7011974104331458,1
2.1851261585528783,1.2391612044919604,1.0580923067566166,1
1.7241747311890214,0.761850833638084,1.9626972957646522,1
-0.989296694948384,0.23139430572830078,-0.7151708838615707,0
2.170436983871771,0.7367499659481356,2.2040496540641548,1
-0.30950314904692633,0.6937665138293434,0.21590802361974104,1
0.8610340139508268,0.8875247913819375,1.7630437746846184,1
1.4575441520591914,1.283446384957639,1.072604574008844,0
0.6214343675017026,0.6720793971604904,0.9051121397707249,1
1.4642278177187866,0.365917691419563,2.4282877298739116,1
0.32230255246467576,0.7380450249071778,-0.17436733144497785,0
1.033881915000956,0.8086659959536703,1.6056767238488905,1
-0.16496916291362285,0.6343618380662264,-0.7243528371533396,0
1.1504365677179937,0.767255325777257,1.2506245279950972,1
-0.40330188642697473,0.0019044931922407304,0.23623697172331526,1
2.2493050337841183,1.3636997665228523,1.7593643082191326,1
1.2173705135148172,0.9973322389949837,1.9882256455498115,1
0.8954016435619205,0.8175945535589904,-0.2745874892273876,0
2.712356975203726,0.8347623808081953,3.5784342183468416,1
0.8660985470427645,0.5485172434901925,0.8928510132842671,1
0.724882834278272,0.8870001072478961,-0.4170373500656943,0
1.7901054018961697,0.8550403203727442,2.0142486586710113,1
-0.46412455725227086,0.7314418219664545,-1.512762218142906,1
0.7194632051354207,0.6160221949018955,1.4863957038318003,1
1.8505897494064572,1.0216569948395537,2.3713868527934574,1
2.343235853809714,1.1646562008816126,1.6999969043671301,1
1.0352895951409251,0.5339503119930747,0.439390000301036,1
0.9142094008013394,0.7078449556622669,2.0568035549969097,1
0.3110020615400009,1.0878965573736146,0.31100893701411225,1
1.0938667088738678,0.8178533347712843,0.8528211392744925,0
0.9947058814132074,0.33566401241890503,1.4952791413987603,1
1.2012203777536337,0.47199599020701744,2.517459630679171,1
1.8519821467648652,0.8936364265702467,1.8788051520632405,1
1.123892710150774,1.3386210555118234,0.2095041258121726,0
0.15470663774155335,0.9354249092327636,-1.1705142309302516,0
0.7578291708942791,0.8035140469491961,0.63022755784395,1
0.3903043517130763,0.45545156248586743,1.437800775482799,1
0.5351822132845782,0.8939161451488578,-0.3045951453831135,0
0.6007222993928099,0.4743267371047051,1.3670606760857502,0
1.4812102030514973,0.9474249255936689,1.489627608744299,1
2.73724645012864,1.4942831505627325,2.6096368791728803,1
1.161638357055366,1.0062090631973506,1.0589323153352277,1
-0.29619650147905074,0.37696165251877567,1.0402700156972053,1
1.1508960868492508,0.9813034135341582,1.353150829597552,0
0.5658885961503509,1.0445660677278885,-0.3453079012902043,0
-0.29576822677038705,0.6414871367059867,-0.8629023124286108,0
2.0495490225491206,1.2278917080261873,1.3761221533916368,1
0.39437991975360065,0.9708608816724396,0.059091529993198,0
0.3632120160378908,0.9155034594739948,-0.09203036032996403,1
0.8881419156674806,0.9776037860239992,1.0798349536833014,1
-0.217609970741922,0.8335389097978918,-1.970404043322501,1
-0.8415728601069986,-0.20464692860806138,-0.24462874288174324,0
-0.3267665960760916,0.7441092604018942,-0.7017810207383384,0
1.8587649767283225,1.202304625414638,0.5865091079147391,0
0.3827982390717184,0.5558138737932818,0.2825277787159417,0
-0.570843015533483,0.36833939719575814,-1.0689987951695228,0
-0.4003440837602862,0.31763406790242765,-0.028062540453645757,0
0.053171284034381316,0.5931873757241849,0.5728752521048823,1
1.6202736338032282,1.2317723730407713,0.09507455540210796,0
1.2303465788227639,0.9291987974072878,0.7101220696919582,1
0.7378764929680985,0.6015879285355827,-0.02029094695633049,0
1.611162516189382,1.0199526088248563,1.280872313318761,1
1.996197437930308,0.9252741141205352,1.9160109546142519,1
0.3922614960692853,0.8569002623710482,0.08903629392758028,1
1.280339548883126,1.1255085282182011,0.14380462541649353,0
0.34707963624501437,1.1886290744584245,-1.2766442505589022,0
1.4673857189923183,1.3051370938316458,0.24882226960238918,0
0.18773876613474083,0.7549604688342276,-0.08279156597132997,0
-0.26911655140834945,1.0331892417972461,-1.0199501004112723,1
0.29752135662643076,0.9870297816901844,-1.169122726071858,0
-0.3891020744792385,0.028425314008587832,-1.0027143270937038,0
0.4371708877823265,1.2780157384308015,-1.1139319331806834,0
1.2217418448816766,1.4484693359783445,-0.2982861281467206,0
1.4096165648596728,0.6614621032361594,2.214783382061868,1
-0.3299959434921128,0.34574422995790505,-0.905442006210516,0
1.9055055097431872,0.7444644855556575,2.352352354091978,1
1.0596295079937859,1.1105901196468866,-0.09386290841619371,0
-0.11372252793170101,-0.07317076214105822,1.230663312494944,0
1.205350138323635,1.1946937293690028,0.13154746829129538,0
0.5527909802924631,0.8453118848043443,1.3262800849309788,1
-0.17130152060287657,0.4154668733946467,-0.8277078954819405,0
1.0566927410371092,0.9084462920111102,1.569758039327675,1
2.3526400866121646,1.398160286078204,1.3524987938022455,1
0.9064774687569565,1.1909323995761258,-0.4943353066069327,0
1.1793126628383046,1.0730319294454134,1.2052240767764169,1
1.1868792066399265,1.03132913806591,0.43495063929811395,0
1.12217731954409,1.1086952239049266,1.0432208398701799,0
1.7178511423808756,1.1573766233003968,1.225300394593392,1
0.589796670253328,0.5828434840596494,0.18997414584759031,0
-0.28209295276079105,0.2367641071561274,1.705735473759221,0
2.5291872940276034,1.3053315525581313,2.1230369252331776,1
0.6760821605233741,1.274181637962361,0.1792582496404307,0
0.2857818534344644,0.8554099844459078,0.5380358009628166,0
1.6286290702445818,1.259393839674558,-0.09121617011699135,1
1.5141828370975263,1.0107616327612414,1.376244737776145,1
0.8023627883254254,0.8216459928530393,-0.08515976408558934,0
0.6727431146925446,0.7591073025759165,1.1940956265501674,1
0.007421783800475978,0.38598761413377886,0.7175105165956068,1
-0.8182405399577102,-0.2945267049627211,-0.3961607567979565,0
-0.20294914928638452,0.5558495075462708,-0.9741082632779998,0
-0.20883344651856917,0.8151051405877832,-0.4925634238161658,0
1.3771577202137553,1.2867854163649572,-0.13662644720300676,0
0.4457948747816592,0.8557685694631938,0.2843987859043432,0
-0.6610212400146273,0.3907618584900862,0.32346717929491,0
1.5155548534711354,0.7837221019127372,1.7185304008968871,1
1.4572895889675643,0.9993165840504862,1.1487025121547287,1
-0.19150244632189517,0.26499884307996147,1.4609168758436857,0
-0.42981453030319294,0.7135137672246342,-0.7945620725897289,1
1.2000157157257598,0.7443042072636598,1.2186425078084842,1
0.7724841972055392,0.8956264532431484,-0.07277792999446053,0
0.5208373606402525,0.7549111609291174,0.8564069477055064,0
2.009661430879242,0.8981748562126074,0.7631717962859472,0
1.8952572473793978,1.0047570371706078,1.4746202242443438,1
1.3341804292030368,0.7602603932027321,1.8547015537386276,1
1.2449211185890774,1.3033251434886068,0.776972336306163,1
2.203850733687146,1.3714448077218697,0.25098533530748257,0
2.4609537328120883,1.441516839514218,1.648325570292343,1
-0.253137388407498,0.7764039425310606,-1.848970728870396,0
0.15006732114757604,0.9138353773441996,-0.4537441790344862,0
1.1693150496880436,0.9393032484674554,2.1215245143105825,1
1.6525772021916079,0.6927809733803056,0.5238877822588819,0
-0.4873731788096701,0.08434100625003615,1.0433200663258024,1
0.7853793540205986,0.7708489750332949,0.28074430756981195,0
-0.2813821758040359,0.5780919107463367,-0.5142960423464418,1
0.8718292275889417,0.5194658850588818,0.7612930197818523,0
0.2166248292720837,0.49916154271549074,1.7159035445640016,0
1.1443941855965045,1.0347311591341701,1.5364755046311949,1
-0.46027834382742283,0.15269136579943365,1.5115497770518291,1
-0.5205771215749934,0.4129726289180471,-0.38108277476161695,0
0.3905836528040152,0.675998600255818,-0.2657922780340014,0
0.7238460727321779,1.0229733747814216,0.14301570630137683,0
0.9936888332421323,0.9980126995499522,0.433048767338793,0
1.820036412077736,0.810458545853646,2.4454171350820975,1
-0.4262350758503053,0.14389992113402278,-1.0377341205053745,1
0.9500063488510789,0.6293770992769762,1.8793326740106144,1
0.3876872977932345,0.8210020531768423,-0.5477207750315005,0
2.1954140476037027,1.3291489783536021,1.3381561746258475,1
1.6813782740634542,1.1219196224627153,1.212523380973968,1
1.7490380276332282,0.8962208073953505,1.852916883596953,1
0.04013176018431819,0.5993099892252248,-1.220608701401169,0
1.302114604318433,0.7126113797322635,1.446789966130747,1
1.9343397617920295,1.1050457622395973,0.9154498116433581,1
0.24314809220629152,0.5973829953932553,0.9070875456884083,1
0.20222998468774112,0.8176082803413758,-0.04057667644544238,0
-0.7017533980368952,0.22897396038897855,-0.5940685523923983,1
0.6760936940154514,0.4661021563966844,1.3650314920077722,1
-0.8786405285691529,0.597864475390613,-0.4913067552282988,1
0.49553110072187145,1.310779761495008,-1.5482523665250247,0
0.1386793314883733,0.619208228856222,1.1229549972474322,0
1.8288589562574025,1.0057010615822006,1.037294010911704,0
1.2645546697030303,0.9022706860930847,0.34947205692499994,0
1.263675658322888,0.6855089961003125,1.5696158946686571,0
0.40144923873249083,1.1088332837688646,-0.36132775379022575,0
1.7315798761629972,1.0210934500673354,1.7914961351393077,1
1.9161350426193327,1.1806413317569018,1.5418665462919416,0
-0.18229865062698364,0.6200408453362518,-0.7511492258158493,0
1.034345469346588,1.2815493062467227,0.4527436211325936,0
2.267562308052213,1.027794752573755,2.696129304642917,1
1.74549745383948,1.3411298061213315,0.7251601911525848,0
1.8967869622872948,0.8768787274149419,2.675146824593104,1
1.9155493368723047,1.1232639193606313,0.903629472235164,0
2.3308748609620604,0.9757215302614004,3.3669874653235285,1
1.1105034830390939,0.9867044701976156,-0.06740426598882665,0
-0.5384455616682153,-0.07622307257215233,-0.5504434158088755,0
0.44242716746141136,0.6952847661090014,0.6128118293025004,1
0.14611226914183173,0.6686844809579118,-0.6522919743257698,0
0.9329758543344642,0.7903047218747349,0.8540620231476982,1
0.1348007125337578,0.5236038249676582,0.1773713062232658,0
-0.4432001299780558,0.7881811017082411,-1.3652404706299128,0
1.7902688093935613,1.0209719693280226,1.4888855350777221,1
-0.4988860117459978,0.5810884064976803,-0.8406926296766151,1
1.9219270312173111,0.7828388352990387,2.3143281521379944,1
1.2350636817159715,0.7130827731251759,1.6844395689399312,1
-0.7728008443726379,0.30400037065049246,-0.0690420641471321,0
0.9146268151166584,0.9095719381322257,0.7617050033615921,1
0.7609518567343881,0.6476068923207228,0.30835539611264806,0
0.6910056102092703,0.6341948034992224,0.688011140560691,0
-0.2562553191389695,0.4051177974886507,-0.5298241723570819,1
0.663712117560838,0.8617628327790632,0.8296960541291265,0
-0.737390511560342,0.6188251489870896,-1.1707037869545371,1
0.10157314829709929,0.8446454117708746,-0.15543852870862285,0
-0.2006772773036124,1.0959433838211565,-0.21601182852261802,0
2.597892673030016,1.0726021821006932,2.2316049084296945,1
0.004436727423301923,0.48056313511394555,-0.12807592748222785,1
0.2789245282454763,1.2039891653476666,0.09917370850657847,0
0.8613725456465426,0.4331183828333461,1.7438908081729605,1
-0.6475638807639917,0.16590588621031027,-0.4271704310458396,1
2.4542443137186907,1.3123733995976439,2.7693639225977513,1
1.4111975826015213,1.417015962706491,0.3669326224311712,1
0.22420691403301474,0.6225331739960611,0.7882892779128359,0
-0.9548459807882964,0.3208466030270044,-1.4911113640191913,0
1.0733830142331995,1.317051087737101,-0.947222524562674,0
0.6123800586770662,0.527876567986387,1.729401593781136,1
1.4847752943573536,0.6759916044863026,1.6201252427922004,1
-0.37543100399812135,0.7515807031668813,-0.9394272956460359,0
1.1763676815522675,0.768339786613635,1.6500651882902457,1
-1.068418946745608,-0.40481251690303016,0.3360557951062785,0
1.8321623203017483,1.198520908554431,0.9111223302612584,0
0.6135622858838824,0.9052214363609108,-0.19831193549243764,1
0.37183331547873033,0.5320038693487161,0.6432074504743575,0
2.713941149791211,1.5713971711433563,3.088899101878057,1
2.0421718281515804,1.256846948090316,1.3990844387592547,1
1.2093731748023604,1.0024154327984014,0.6247936011714285,0
0.8333637103575693,0.8083883831562073,1.1980900500398488,0
1.4012325306510733,0.7360567085546529,2.1743811785007994,1
0.9110715602733741,0.6142140812748338,1.8862871367619642,1
1.2503197675867455,1.0190790347566892,1.1502942910062768,1
0.6021264224171468,0.32952309908127647,0.9088506855059891,0
-0.7689112783456119,-0.2619673667055829,-0.2844412937864358,1
-0.616228598888409,0.05617052379775889,0.02209544108001571,0
-0.014646879052229278,0.7775742332572322,0.0501048718980146,0
2.4745969844976905,1.3304909820952555,2.0335988532975424,1
1.6359385351315257,1.2585545021813758,1.6467747898266523,1
-0.6886633966177952,0.7324253465596966,-1.2813526103386477,0
0.3330727966925999,0.625694164011587,1.0926878663846378,1
1.29500946166925,0.4962487585405463,2.524501979129192,1
1.3446063579528906,0.6098224727182253,2.5659804762456346,1
0.12428213108372033,0.41497390098239795,0.25699127409276923,1
1.2438982799738327,0.6566729668301137,3.0930942036035103,1
-0.15883563941218892,0.8730766172980787,-0.5388315494143734,1
-0.20354104363102865,0.6255478215195959,-0.8477372812145667,1
1.0408426121891954,0.40529038958222496,0.7023141758935335,0
1.4540914243234382,0.9112309740641465,1.9096601587125477,1
-0.5979428264539626,0.31804470072130947,-0.5736688712276653,0
0.7876025666198054,0.6051716909981155,0.8220696215284113,0
0.5770939460478498,0.621023405669578,0.630203924954549,1
0.608060475004739,0.6542090022413259,1.3274037971826365,0
-0.013653029821582285,0.4705581212353723,-1.4307181593172675,1
1.8627878412721492,1.0208124307853919,1.3803269384383507,1
-0.5978051321250699,-0.10683773172947647,-0.6694221049417718,0
1.0003227521114675,0.9892495722925019,-0.28825897812883294,0
1.8540499931684693,0.9955710183002986,3.0567704619821314,1
0.26945798810983157,0.8392455245556923,-0.29602583514931613,0
0.08865043793186078,0.06253885831680106,1.0250607804407645,1
0.5448879462937127,0.7615020012261332,0.0424779235114372,1
0.3196093092782929,0.49012553032541617,0.4206248765305403,0
0.23832691037263598,0.8989344292131705,0.5921428924838867,0
0.4829420646826147,0.34527817101458225,0.8963086408436557,1
1.6727843403729392,1.133471707774917,0.9580603658091905,1
0.45679040789378844,1.0199070917646489,-1.3944605092894071,0
1.0709635572382155,1.1776242265385852,0.786277296769518,0
-0.33078397883364585,0.3543579865369889,0.18627305245562975,1
0.7438471500075174,0.7134432817432287,1.1885126597573068,0
1.317159205736462,0.39537798054836915,1.881834098997077,1
-0.6598622877127464,0.268611592426386,0.5207074345556943,0
0.357426531038074,0.5538359208163839,0.008533132689981238,0
0.1686507489623943,1.2282234148004298,-0.6587865588906419,0
1.1369243167210799,0.8488154632632449,1.2495223765415338,1
0.8901596217159895,0.8725398384131748,0.2710085794312944,0
0.7110880606402453,0.9459107980158303,-0.8239432017988908,0
-0.009922707446865797,0.7341349689526049,-1.011672528573332,0
0.8652472793090624,0.915256444665353,1.2245825297019417,0
0.3904938381122288,0.7987506989088187,0.07031578138064665,0
0.9419249547925893,0.601292655289033,2.2172784966530594,1
2.8936011911714545,1.086248986168124,3.0588876065314206,1
-0.7708574533592754,-0.061371972046326384,-0.2226420197822202,0
2.1536684929358456,1.1332677925894372,0.6704134140497701,1
0.7974960969663206,1.1492188219015258,0.11834025421980299,0
1.6614269855902237,0.8844713511918132,1.8986807021470649,1
0.026613074153483574,0.8614073086599077,-1.1754216477695674,1
0.7718059324046971,0.5629007327081731,1.0160621182436909,1
-1.2469324328618494,-0.8457610219472567,0.32407720908929927,0
0.9130812475484505,0.8319845305851271,1.001134397330781,1
1.4450656556010015,0.9269024968437837,1.5551879456692346,1
0.959261435791726,0.8965641443161618,0.5849549659398532,1
2.007371459031743,0.9704191849209025,1.9850114195963016,1
-0.40783260930369947,0.22446063741973854,-0.7962618397101856,0
-0.89687243894916,-0.4239542343437757,0.26459310409237735,0
0.6822139765594266,0.46292184583351337,0.3603024081351476,0
0.7293804587638848,0.898117328973989,0.32358891139136803,0
2.1999483816291723,1.1428318158541906,2.0165881838195547,1
0.23070088764352248,0.46224422116390973,-0.6434894398475244,0
0.06245959031972925,0.3321026632190447,1.1663824970350847,1
1.4038541041813437,0.6096433537422394,1.676605707848179,1
0.8896046109152472,0.8028553109670692,0.6830052150147308,0
1.3940319281191482,0.9490272774215021,0.8188791785096244,0
1.32501322714075,0.8536843081556913,1.6985570544151571,1
0.9968072899036546,0.8133125848990371,1.5624184457924062,1
-0.7652461800643929,0.3469382525757385,-0.45946406829994757,0
1.6390599269274628,0.7012391583577298,1.9488933079434443,1
0.4866138713821984,1.0088030175882603,0.17991963835842262,0
1.7061944516384346,1.0051707086002755,1.9134490977199334,1
0.5530108397131578,0.9611940477325562,2.093423484005183,1
0.592868826883707,0.736918996614333,-0.4338562807318167,0
1.238283809433918,0.8323395690608446,1.1095037062941238,1
1.6816519462917996,0.775281137942065,2.3385256020394634,1
-0.768907723640384,-0.0906872083246491,-1.2375223836804816,1
0.9329270670523969,0.8135518152624365,0.9746739526505611,0
0.9311597883993185,0.5879812662759535,1.0021690410998911,0
1.2221566431104707,0.7931466338755344,0.6699196501841311,0
2.1556931562609063,0.9609061945598738,0.44960657837761087,1
0.9657382040167946,0.9574512365553138,0.5249628764047074,1
-0.28787434140111723,0.46238743908810237,0.6959966763289984,1
0.32740327316271467,0.943649196374846,0.27481474484693424,0
1.783908542241911,0.8304898147773404,1.4882531548179085,1
0.864827868010505,0.981093070703264,0.36340599826190356,0
-0.14000137477435015,0.08690768581023722,1.3473580926502724,1
0.79327742589751,1.0539224737607562,0.7701504736036655,0
1.7819892641267625,0.945024551077309,0.6068072398135331,1
0.3294652606543741,0.44849652298300635,1.3216929574001048,0
0.41556103695136604,0.6219023014155802,0.0790362634637145,0
-0.7576808652949242,0.038428539718444676,0.2637131195777924,1
1.1950938865162934,1.1085173362561282,0.37614737244131835,1
0.3220854587089744,0.6934241124244689,-0.08010749457016819,1
1.5037189169909015,1.033279554174998,1.0221151297582158,1
1.125191494340567,1.3352293678309424,1.2887159867038316,1
1.3905138422928214,0.8832856081790056,1.757989523069984,1
-0.11336548610388897,0.8211688567495856,-1.4033955453748845,0
-0.03313517238852626,0.5525570028079176,-1.026659444646331,0
1.4935084396328824,1.1077251496892535,1.5428697965392555,1
0.9401447106473818,0.6817553867659809,0.8875675418554629,0
-0.9579945086955381,-0.3553673293404577,-0.07051175664183917,0
0.6155396035313081,0.775658065330108,1.5717597839636013,1
1.005290510638031,0.9200934416445365,1.0825830561733245,1
0.344136017511139,0.7522655684615736,1.0283317621377615,1
1.475367964724238,0.954678729526404,1.4115476895696797,1
-0.09984011200984055,0.8818320475751211,-0.34835743567343974,0
-0.034365358115455935,0.630766839393269,-1.065844581490379,0
0.6301473127090245,0.5643450372305749,0.6744580515630015,1
1.7167626530858053,0.5613388917328936,2.537780571586354,1
-0.6490103655609364,0.5066735129070534,-0.8705525631214439,0
0.782016470695195,1.0067456883841976,0.36698083284258054,0
1.346525179397718,1.1326254336556951,0.7170207545196292,0
-0.555338037431942,0.7369150075486256,-2.134622052184642,0
0.06857986455126264,0.9927628286450207,-0.5239972903824834,0
0.12782796824425324,0.6492282781968923,-0.1468653422666828,0
0.5197121093981403,1.0275371744240878,-0.2753955208043162,0
-0.7210578017219887,0.46128354379426706,0.04053223321170418,1
1.3227139153358496,0.7507583595396248,2.072328319449585,1
1.8360624509504648,0.7709993747230829,1.8004913822650743,1
1.0565954588754187,0.9594217811261138,1.0300734857062739,1
0.848492495024209,0.8565443595671738,-0.6926658032450104,0
2.068337858566053,0.7486378015468755,3.1326068623225924,1
1.336545238745861,0.903041611743169,1.4080002089613175,1
1.383483121681709,1.286396207229415,-0.5763166108389619,0
1.0169673488892024,0.6019430535767736,2.711935709581826,1
-0.2978595706831525,0.16333858558853254,1.3573228946018059,1
0.892851291523292,1.1316475419381005,-0.505651171301895,0
-0.9086833073382928,0.27607149254121355,-1.1209059822419092,1
0.13946323706861352,0.9594639087111931,-0.6762678893231163,0
0.2843828555961141,0.5488075216435528,0.08832404009561479,0
0.9543120891712099,1.163952550510607,0.4394947588392788,0
1.6354150854061404,1.0268911004809962,0.9342846248579573,0
1.128002431705934,1.206762739085913,0.08112743005848455,0
1.0785186767736188,0.8121278295765144,1.1735623426782524,0
-0.7149234242156598,0.7059677750283668,-1.3097397200905272,0
-1.184424879274942,0.6758913810119727,-1.237121276538307,0
0.5261013249287076,0.49997662061776904,1.0737619891797279,0
2.1461158178238664,1.2211060383974255,1.5879414095094684,1
1.291249493201245,0.8717300638445047,0.15606316524486608,0
1.3204175394035786,0.5011265014554539,3.4757182274391822,1
2.479261369671617,1.0728036415177724,2.927579136628127,1
1.425467499934194,0.611437037007801,2.620623549499537,1
1.0019994764421483,0.8985383498440418,0.7442437448523829,1
-0.8377342881349981,-0.2517109917369061,-0.5069086735058471,1
-0.8146121338426154,-0.026823822619603144,-0.08725154632080401,0
1.8832008394410436,1.3648189238359338,1.771884741115168,1
1.2972677458860042,0.9927442239968494,0.8483486195243198,0
1.2141270941207503,0.724756932556543,1.0106003013572513,1
1.5077197843475656,1.2081085962938782,1.5888522521608928,1
-0.4557606209144879,0.4624074889033961,0.010307978929678163,0
0.630909576741666,1.2504001675462748,-2.090196763838037,0
1.4513072169104428,1.0715470450923648,1.0048424590291902,0
1.0810825484375548,1.2332450496847602,0.6339673580769426,0
1.355990734411264,0.6492553854750351,1.56900336966581,0
0.6120424347192519,0.5658151838051777,1.5366295654438034,0
2.2208272379577614,1.3698514897601657,0.7115768762881307,0
0.7508266797474086,0.8715666110842243,1.5413746764746796,1
1.5039494223526122,0.6086416534137191,2.319955147663398,1
0.23126381250130623,0.8768296113546612,-0.3543175612966267,0
0.5308785477204858,1.105083546046715,-1.2207047232323198,0
-0.7278615487497572,0.7419814195471738,-0.2594371217193354,0
0.7390524502395474,0.7007793851190093,1.7888385264399704,1
1.3055074852340818,1.1220693580926457,0.4695382539794915,0
-1.0796147138638457,0.3085187916261819,-0.47650905493889306,0
1.9042352888809413,1.2334637962324906,0.8287784444187115,0
1.6501206135341167,1.203756858654072,1.6576226043918085,1
-0.4977751661613211,0.45220290582970474,0.1408941859762043,0
1.2172686596236537,0.5009074289847554,1.5036236494126067,1
-0.6422805099843968,-0.149256477583052,-0.034060545505015916,0
0.3975858996023832,0.25508452653410885,2.317110220439609,1
0.7474673290141547,0.4198219459236069,1.2409171190423596,1
1.1495203549599222,1.1688711180116367,0.32593694806831186,0
0.3627905592024302,0.8864226972680623,0.5333769054568114,0
1.8288322803309494,1.2789444613125753,-0.09042269049619234,0
1.3248928318970603,0.7317222159788301,2.045116702545226,1
1.7590173645155076,1.0695606684104924,1.1881004752299633,1
0.20690415608597712,0.5303159090697074,0.8182697065198232,0
1.2959312189111478,0.6780105641407268,1.2877494309380655,0
0.5349244407453541,0.6576991464622159,1.8913090388064668,1
-1.0184487954590464,-0.807229657523465,0.2973636154150735,0
1.5455080669289378,1.1077003040323015,1.137808791788356,1
0.47235342372725797,0.6918975122753604,0.48920334969368057,1
0.02032120284508665,0.7093701249404879,-1.5606970695210514,0
0.7945169821323464,0.826556743835407,0.6503466904862565,0
-1.5554865974097378,0.16895519951093885,-0.6811046416138518,0
1.4708735154801604,0.5786870342526467,1.6599411929098467,0
1.256928649347489,0.5797837158859211,1.948586244755846,1
1.4565159459333086,0.38212396329372533,1.4661847338866276,1
0.5772720323729512,0.7954622788822947,0.8198276296185293,1
-0.06779579463347929,0.7115327105772774,-0.9168585879640774,0
1.8034468737242697,0.9766980436346561,1.384413468936708,1
-0.051683524089497,0.9696240210522344,-0.5050434982502161,1
0.5166818003794207,0.7332711960595057,-0.013682124303558862,1
1.1765684053200696,0.584619514466121,1.378905089197604,1
1.1002177684823302,1.4239083794970409,-0.7243978633922037,0
1.5058651762064985,1.33608030015357,-0.28392475883124946,0
1.1526228832191752,1.0816044117479438,0.05921688750808174,0
1.5760433125268367,0.8884357207999647,2.6814742183242886,1
2.0534250192678454,1.5034367158012134,-0.051168765988120146,1
1.4360751025426537,0.7984995881636281,0.7622864928423347,0
1.7445402175087634,1.044706592559356,1.5046150376740872,1
0.13978742741777495,0.5964358494129722,0.49976072843406605,0
1.5212615403931116,0.999468281985016,1.965071451061448,1
-0.8641557784608538,-0.04875631073199832,-0.7325602858822636,0
2.0756779947808734,1.2329662472660285,2.1436868674586664,1
0.43324850816713834,1.2040091005700075,-0.08553536163798847,0
2.3557832219915977,1.2541213154742974,2.5662727570095125,1
1.5785565342824723,1.321640766607136,1.0194144412794632,1
0.827425610594056,0.965189951540175,1.1294706755982498,1
1.4273539177707917,0.8028872001486593,1.7139343283514483,1
1.2678989208570444,0.7677143611070577,2.447082891936221,1
0.5698740711121018,0.9788215744194414,0.6911951785402208,1
3.0069930344843536,1.003384659050425,3.1984909795362126,1
0.24988085791014059,0.3249498281027031,1.0863955744437752,1
-0.9353807854009197,-0.5259909902732289,-0.2514674331835095,1
0.21296095233630574,0.46365478773393703,0.2354077233862374,0
1.481427029332724,0.8484068866399692,1.5530128571411868,0
1.481412098695448,1.4147754053787787,-0.4846396352251605,0
1.0932204954377756,0.8823483427443648,0.8891446049889485,0
2.1904477241845184,0.917785914945039,3.2425340800493676,1
-1.2019736132184433,0.34306840620897905,-1.178735646038381,0
2.1549700865932597,1.0537793235820225,1.5660865560260309,1
-0.013610732810222403,0.5606920828408912,-1.3022520677167435,1
-0.13888433235461706,0.44916955426366356,0.3303446066122778,0
-0.8465660086803058,-0.12778593115957732,-0.4616336040906982,1
0.38624431936524406,1.096066074752602,-1.9593609730712842,0
-0.9632305347882769,-0.04592787242051455,0.19359367261379679,0
1.2491710406852163,1.3190399081069555,0.5720833294047778,0
-0.4191647076049316,0.18253690827062552,-0.5254749024344487,0
2.5654717730687717,1.4004006222244376,1.900049362100628,1
0.059607331069625014,0.7738860257453896,-0.424592282872053,0
0.8163972488789636,0.6052463033608806,2.556148891541742,1
-0.7837449106370217,0.1578458396641793,0.23105772584752737,0
2.0975494477549192,1.3472142658496655,0.4562636843427069,0
-0.07671895638017323,0.4825470294773291,0.6601082490358395,1
0.5270353461397939,0.6304989605705291,1.3797556206041985,1
1.4096837730909249,0.9820206466421131,1.4407753836877797,1
2.8750655319578553,1.8249337719621759,0.9329978571484963,0
1.1729307895040222,0.8014758449141764,2.1864360673727927,1
0.1467361349647084,0.4458073844188512,1.71377951089701,1
0.5208589555479393,0.25674850528907855,1.7946019987424269,1
2.8342691730259024,1.387846940459128,3.19692992157694,1
0.664875982908697,0.9456183769117827,0.3917192588298849,0
-0.033001203381767596,0.8619698389470307,-0.7117956879807529,0
-0.030883576853792727,0.7997236140735036,-0.7323069233729298,0
0.20598502515818362,0.6021183020797198,-0.45300349252616834,0
1.3602040041631127,1.035894721178898,1.3353407168738074,0
-0.39899130675342176,0.15346806352304132,0.7856229819865854,1
0.693371436896714,0.6497744510227228,0.302584515313539,0
1.9129457876092508,1.3570100381687595,0.05057769221345099,0
1.147158938205148,0.7915682609024334,0.8471880569228402,1
-0.5872629613627854,0.18329488535777244,-0.4251959092979492,0
1.0052917575588918,1.0564750682491582,0.8008520900502872,0
0.14626990037791388,0.32793271163662474,0.8413250237163682,0
1.3407938112063085,0.9899402844167546,1.3508034987468907,0
0.8646307173638943,1.1130315636830759,-1.5874799521425818,0
0.4286981784608138,0.38272457928380915,0.2374522960854203,1
2.413282529905607,1.220406283695696,1.6894698057198942,1
0.8972266161145154,0.9450089194364734,1.6341888973993366,1
0.7338564879980884,0.7109538057812456,0.604627380790842,0
1.5194393377324613,0.8968183691769933,1.4917938899552339,1
-0.5557099217809057,0.09343090410405575,0.24248323674093464,0
2.9465582007036484,1.0233642322440266,2.456962132819199,1
-0.15346346118345922,0.6085263464448948,0.36089967362152753,1
-0.03016426135655137,0.7434148272486285,0.4508419520747123,0
0.6192085158006776,0.6544721210366238,0.8597700386911358,0
1.3858045444754081,1.4912504792206698,-0.6936880440115352,0
-0.35714939503032583,0.015976852304891986,0.7797321222653053,0
0.961563215791059,0.6118703626931689,0.5901718413236573,1
-0.2401185612332818,0.6560909849414618,-0.1112689998092583,0
2.7612152549034596,1.2716131180141061,2.2158481231043607,1
2.249034704116257,1.3328303004065627,0.5283781517374699,1
1.1843604472061084,0.9918362933710079,0.9129912184710036,1
1.7674414528032747,1.2156620732528007,0.7176767362856924,0
0.8048140899611647,0.9020323577920224,0.3936467850985015,0
-1.9232108470134022,-0.05344262801755184,-1.3265837526845323,1
1.597721142546784,0.8921150644967991,1.9064497198694923,1
0.731482474411248,0.6432297510815386,1.4441703831212536,0
0.2227080745589909,1.1241616928701759,0.45790107109371203,0
1.5681354011285946,0.24431273393473152,2.9218519760423467,1
0.7124644703732876,1.0242471053289603,-0.38544781855881216,0
-0.668855516161459,0.61253500129651,-0.7000016790559604,0
0.07817307987758704,0.5518174313068164,-0.3194213104732302,0
0.58098440199044,0.741331187692575,0.9214642086177961,0
0.04112249544015478,0.9688240760290907,-0.8309119896634343,0
0.8930860653845464,0.4497920451997852,2.906026500107005,1
1.9030454855821115,0.926122820710801,1.8380695072044833,1
3.2370651434351827,1.620798257567649,2.9467591040839194,1
1.454039071465679,0.9160685414548402,2.3491655731237233,1
0.19740614807746326,0.4898902935946955,0.05580137616990877,0
1.5823675627362677,1.1527845991331938,1.9411595987347885,1
0.8493440169128883,0.7764494672854505,-0.34452004189391205,0
0.719505671032728,0.8280492124814423,1.1179995543159975,0
1.1698656395628486,0.6599547176849502,0.958239366405523,1
-0.3495558820502557,0.7978936432657485,-0.7347827665445281,0
0.8080461492195926,0.736862273039139,1.2700451262669665,1
0.5929005645951124,0.9106691890440625,-0.07408655545434284,0
1.1427689665102354,1.1022121724680674,1.047477669130569,1
1.1199794590235768,1.0613632350419437,0.02288040212209186,0
1.2080241513511871,0.6599588717156454,1.2548994685038837,1
0.20797950993822212,0.4704312006562021,-0.012459793664073349,0
0.09698836641087571,0.5471103682177243,2.390752918817178,1
-0.45616247150565575,-0.06873976003913357,-0.8477055202557912,0
1.6290381497189532,0.7821503327071528,2.4565517678800752,1
1.1354276149913431,0.6986564477645707,0.6693133597839528,1
1.6936458663475777,1.1891703330523047,0.1929620792472273,1
-0.24694893523969708,0.3745942583300141,0.0512352051992786,0
0.24682629032525139,0.6670541153092909,-0.6741327231280674,0
-1.0973764339974408,0.44255536657816297,-1.0155721182760644,1
0.07358603848552403,0.4453507101358535,0.2199341625879666,0
1.2249025161770528,0.8925846356975513,1.6843793079028577,1
0.16299234173527022,1.0176328988744938,0.025401661335910042,0
0.9187648274725234,0.6845255756503891,2.916404108871142,1
0.553117458550821,0.6564916054156372,0.6828913247567721,0
1.6727056675118166,1.1093830888663423,1.513102012269913,1
-1.0084340686720412,0.06872295438217124,-0.9655626132210062,1
-0.03141474660464255,0.6457599384379882,-1.3116148068773845,0
2.1621396404995985,1.0269427357189078,1.4763651837400185,1
-0.34203871617147474,0.6042651033852215,-0.8050735660408734,0
-0.3069323521929971,0.620533463990999,-0.7095452550302717,0
0.12784374465926873,0.37373603705066866,1.0592345027846153,1
0.08326799968485321,0.5909282180969704,0.9980573061640329,0
1.6174901384734595,1.0320201854447661,1.5317675128802941,1
-0.8603643619281914,0.24805475504986196,-0.2660928230452131,0
2.363902770651223,0.9479307344515978,2.6382052995255174,1
0.681928106686232,0.8357662877251423,-0.33551056300925675,0
0.9594074120613724,0.6993325940354482,0.7570110252109514,0
-1.1206346266675355,-0.12839607784177354,0.057892178173006514,0
2.0686770726352157,0.9709438890455382,2.6107997164588985,1
2.92999250894398,1.5364133678690108,1.7727691098263887,1
-0.2746374410215461,0.38677470382574475,-0.3520514799846086,0
-0.6586891781289083,0.31260067817011206,-0.37735144834106216,1
0.5173615527023558,0.8600883583290275,0.7134054592482864,1
0.3336779661532787,0.8508848564723104,0.1971350429882064,0
2.260286917239161,1.0296982323252302,1.10004452875335,1
1.0882083759974852,0.8767096760388827,1.8073914109924165,1
1.2890262803955772,0.9070257789886502,1.883331006912499,1
0.17316672859709148,0.4548657285389967,0.1657912899192634,0
1.5342765893906694,0.928921027168466,0.5591429924348229,0
-0.45431953933291014,0.45405529188236815,-0.26649570013894097,0
1.817486551403739,1.0777280568340086,1.565972231254978,1
-0.020505451792705354,0.5339732619637088,0.26013023746467223,0
0.4668310472477033,1.1734740140056703,-0.09968752815486093,0
1.5562071479991828,1.2823283862638353,-0.5466644384038464,0
0.39645154042757813,0.3907898081957459,1.8534259896268028,1
-0.34402597769024207,0.1033039934030516,-0.9503296410498479,0
2.2231706102168207,0.7186423246899469,3.0323634319982697,1
1.0689950782397886,1.0629625681566492,0.8914180674342551,0
-0.5661553541403915,0.9464819793298589,-2.509027477392092,0
0.11608575949771816,0.6075060314130025,-0.4077099644001203,0
-1.069605667384259,-0.48159533355532774,0.0007160804414483302,0
1.025593329880277,1.04276506408117,0.6450754458629983,0
2.09195988927796,1.1004785436907376,1.7078623282201701,1
-0.024036229258230346,0.7654598904568775,0.4736364747210767,1
0.8815128399439672,0.9560040552373522,1.3575622852674967,1
-0.5247587360384639,0.2075263032551238,-0.9142018438148756,0
0.22087545900066097,0.5742679640613977,0.15351854928164843,0
1.7111155561047906,1.0553553746601474,1.9916963536400334,1
0.6917180848680963,0.9774316755173045,0.6441390579958945,1
0.5066874663056925,0.879629234448125,-0.46623955570568687,0
1.1334454350549472,0.8215951024904076,1.3150348813668278,1
0.8526171449104052,1.059671198631029,-0.14614783983895907,0
-0.3674538604862555,0.9400581373494439,-2.650532318019026,1
1.6207296074268092,1.0701799498950033,2.12017891011325,1
-0.0034483539756544612,0.47310771999392,1.1446281843215438,1
-0.9611724217337808,-0.3010730448297065,-0.29009455304075593,1
0.5632159569687327,0.7621494221950225,0.6109948320567707,0
0.6044347591181285,0.9243035148623078,-0.18785767305375578,0
1.1147565796740762,0.5760030627339017,1.9134325706289461,1
1.1919871409430922,1.095110294376559,0.12132542560991788,0
0.13869699757993104,0.5482751946175073,0.9616450068868606,0
0.5140132925457941,0.7792222937585416,0.1778747825599638,0
1.0847807651403016,0.8895537452552107,1.442055593952953,1
0.20874132083714525,0.8234285539762504,0.566570581674433,0
0.30128337036237096,0.42396981143101486,1.7545914416830999,1
-0.10298954517736564,0.6094730439466531,-1.0679746819063467,1
0.5555536974574165,0.4757299100428076,1.2495700977473947,1
1.5731082043971285,0.7878119082318414,1.8806960652863922,1
0.5575203079816012,0.3763430135031176,1.0139147419545305,1
-0.002152700964839882,0.6056214947030767,0.18107090981655805,0
2.470914780083624,1.1750097864938112,1.8323795264398852,1
1.1288982720726843,1.0596864680071807,1.4121779847562639,1
0.7542054435571668,0.7734297992584415,0.20515809539554608,0
-0.3428234666303277,0.690089557328931,-0.23978075327595771,1
1.4419570562274862,0.745800601630079,1.7492350438034947,1
1.3048557644559844,0.9861524311119552,0.7967214959640935,1
1.7357854566254451,1.0346617088479357,0.5273381966718027,0
0.5932663067002446,0.6021493762810937,0.5015199538619192,1
-0.09539800954886435,0.4210309090606007,-1.0100931468058034,0
0.38824308862581947,0.7818235342324554,0.020546649647303572,0
1.4269208300702072,0.9034992334778493,2.021241513670225,1
-0.25834056535149325,0.4568422382650541,-0.6712446319393989,0
0.19678455398284433,0.853222912447565,0.5258736942921023,0
0.9405876756333208,0.9395465827155018,1.1666457774113708,1
0.6345907914127622,0.7123800926045369,1.3512102804919914,1
0.6353890164962568,1.164699991714477,0.1019297182883353,0
0.2800830530800259,0.970759268762651,-1.194788558183858,0
1.281493364376707,0.5028470375947449,2.4001553022138875,1
1.4508452925334714,0.5832306425227406,2.7720662533188367,1
1.0473210917809233,0.3542122787634629,2.260674258436093,1
1.2689716596564085,0.748107374520586,1.4252722163523068,1
0.3995627781104659,0.7387372994488783,1.9779353532239832,1
0.27248957606988855,0.8314306865941636,-0.6016023890931141,1
0.844427051555481,0.8155466404537204,0.8733232388063046,1
0.6124182758935036,0.8907783967474736,0.841934277785151,0
-0.7450388821175883,-0.13201281009624122,0.5036968630426588,1
1.231478480298599,1.0137815591235575,-0.26453360887346444,0
-0.10714736068831321,0.5842186915419463,-0.6644991512392997,0
0.713636590232742,0.7971342179446914,1.2844576851660747,0
1.624329330468108,0.7501605772364053,2.00156358985402,1
1.4464080161766362,1.30609882062217,1.0947281158885205,1
1.7306818314213916,1.251752497314476,0.7589047258832369,1
-0.16053820208117153,0.34344110838576014,0.6955055590355377,0
0.8347376347648806,0.43080372162645386,1.538877734055204,1
0.08625183235998835,0.6956505372774205,0.2055706401340469,0
0.8721444629073434,1.0213266924473594,-0.0003419129092555595,0
1.292784828097793,0.5837281281859894,2.347863661119737,1
-0.04734192757951261,0.4265090212638585,-0.21686538127756294,0
2.0920565012732966,1.1164304524073883,1.5218266194631311,1
1.5815443784849865,1.167502538567744,-0.3052965660997726,0
0.5061480330117655,0.4156201567486291,1.7636089756515823,1
1.7609961687753097,1.2735280200653165,0.41561379132060894,0
1.2060829160426787,1.085212178798882,2.286461527835728,1
0.9267081734704756,1.143029281268428,-0.06293474019627288,0
1.6678399576716827,1.0384756749539783,1.59883383630953,0
-0.8230023641753128,-0.34635382833645983,-0.28870169206036034,0
-0.439793775489424,0.1855293170795143,-0.8493934353187113,0
0.7061503175331869,0.9323067776342048,-0.8424421638836872,1
2.090155150978721,0.9984325208210192,1.661498576090577,1
0.8416271917486501,0.9268634357015902,0.1724774669109006,0
1.6254194150390746,1.1089124566196622,1.119911004978873,0
2.4540219656961053,1.024539334709241,1.6790321241977628,1
1.3709045804915203,1.109998886352829,1.5645573381401978,1
-0.14408770200508456,0.48803065095273507,-1.4140912771501195,0
0.4805536690748675,0.8068457060884027,0.5552733800608907,0
-0.9785091782085179,0.04875238712252894,-0.3602344761857932,1
1.0959736987754023,0.5921599239303064,1.4156602092934736,1
0.7272990181808143,0.6346634712290126,0.45570604935883724,1
-0.6303098608616554,0.04576243584203765,-0.8461823763513877,1
-0.34896128675255744,0.5296235010085475,-0.5569842135008782,0
1.7199362804912868,1.5919216983945512,-0.42861084397538685,0
0.8963207802037753,0.9616420771972354,0.47558527928843664,0
1.0790967956204287,1.0695816345394646,0.1091129553538488,1
1.26727976955694,0.5166415786132086,3.0809842918596324,1
1.777656808774895,1.1826229204648238,0.6445180674073907,0
0.9647910473713073,0.5157971802789394,1.0349228907862311,0
-0.2455195733163586,0.3552262405518949,-1.033479466782999,1
0.5304100190077277,0.5567722216894792,0.9827128132509843,0
1.6855288424396115,1.1830014632049752,1.4677714144894476,1
0.3291295653094459,0.5512205412143791,0.008891453365589386,0
0.5803007505766082,0.7030756122750557,1.4250394273707843,1
1.557259200053129,0.8637803908317128,1.9447757785281998,1
2.445293520589546,1.4355079076558281,0.24772984610824744,0
-0.07581914973663573,0.6821333216326845,-0.46019927635394264,0
0.7577346369777663,0.820268160293452,1.1504356185992064,0
-0.6302236743473955,-0.16099475014210174,-0.8020223050076383,0
-0.9961648549030068,0.19457410195448255,-0.1744478665454665,0
2.3705024257256815,1.1350183127294557,1.5829225697560823,1
1.335221011993938,1.1354126639699065,0.2451063485728846,0
-0.23611194322933848,0.4634204671357662,-0.05192083117790358,1
1.4197074640863505,1.1859543952010527,0.5422347102560383,0
1.363701428400218,1.214508897779053,0.12001756975967248,0
0.886463792401646,0.7188494517225167,0.5592935860482185,1
1.436739215441544,0.80213378824797,0.9040899992792625,1
-0.6376595155839756,0.22083092471498966,0.2538098520625578,0
1.2760943443322783,1.0597149477851433,-0.1974296752685425,0
1.2400516092167186,1.347050149344511,0.6600549424203277,0
0.5319957000158848,0.43359495056711106,0.29589008782299153,1
-0.05381505228780792,0.7311176381263225,-0.9588237310139038,0
1.7757475307152377,1.012467730661484,1.6635673649788698,1
2.0563248986161478,0.8901531746732577,2.8313911926233923,1
1.4229202806900862,1.061725635964849,0.805714854914644,0
1.4677553350511394,1.235379558854689,0.5813933881184485,0
-0.014184030105461543,0.723867292733452,-1.4725905728817315,0
2.42565239179396,1.340394056332983,0.8350648812174876,1
-0.6706260442673034,0.3410804590701358,-0.5995694329376591,0
0.637754453341583,0.6040089001468063,1.0943214126456595,1
0.5784086333673635,0.6781349542767107,-0.1734063652678215,1
0.985344180618452,0.5994766032105756,0.6657690184289643,1
0.5821728483810814,1.0126183867385874,0.4637370057942892,0
1.605986443046464,0.7789722746086601,1.530947444873563,1
0.5422880617581809,0.768197348641214,0.34874604716887525,1
1.5802483497145314,1.1613324080734437,0.981169591023008,0
0.9835025813921822,0.8096379026666082,1.1729362124371558,0
0.5375710035152365,0.7068307582988692,0.4529626243586375,0
1.795221160647353,1.246625266960843,2.153948413626469,1
-0.5554138333957986,0.09096693064589612,-0.37697220561547307,1
0.16242587787422724,0.7265249353851699,-0.046191541669007186,0
0.884447582010148,0.7282012700839525,2.0019243267723734,1
1.742418341845001,0.9393532442592621,1.2899940397553804,1
0.6433650377592581,0.8385218815586049,-1.018439604223954,0
2.679048038951107,1.1382486680395623,1.2321315619058568,1
1.9521489843581015,1.479515284072371,2.4086260172871965,1
1.2985543601747143,0.8951545073481917,1.912632066037152,1
1.5076821372257114,0.9670471270870792,1.2920200688487276,1
0.7288416480472607,0.4189678736602063,0.7795787372973362,0
-0.8755399510122824,0.030698885759443906,0.6396794100761801,0
-0.591775023125148,0.07078492040137385,-0.6633648104620931,1
-0.10603686385876598,0.7546529827460527,0.36882521920123645,0
-0.5623104113445693,-0.007656044256006633,1.8327139675433415,1
1.058533197751819,0.8255458317459041,1.1020438287834424,0
0.8061904046347558,0.7505784405277787,0.7863407926916448,0
1.6274663307898805,0.8335256517238523,1.9374270812863332,1
1.657971468239388,1.2137600116996268,0.6974409098546237,1
0.8820971477841922,0.9767559001508083,0.2058173447856817,0
1.2726559268581104,0.8030275476424387,1.1263383515277714,1
1.94244891473309,1.2869531040189506,1.0464857135599746,0
1.9191406006142824,1.142003329463199,2.285491759470407,1
0.9346103212785081,0.48585960857431365,2.0971676976081355,1
1.1327615592765303,0.9316810840096534,1.1406322316487174,0
0.3080027564214465,0.4544767417926561,0.9363967929593434,1
-0.2274456365060772,0.3386906896507669,-1.150073608130901,0
0.45055795283953315,1.2604434087182061,0.8267268333189034,0
0.829512729254003,0.6958435048582605,1.730131468342071,1
2.020308628691139,0.9163569803560294,1.880411146935904,1
1.5562137208405247,1.2755473363842715,-0.9069312548458803,0
-0.026754246369196932,0.8210669631369867,-0.6255990256616683,0
0.7746701025610213,0.34895490142297586,1.8162325307214435,1
-0.5756603463449927,0.2063888197684737,-0.45440175416403683,0
0.7143483959063784,1.083908921225251,0.7057928257028682,0
0.1499505249943427,0.7938347309142749,-1.2733334584350327,0
-0.4534349174481268,0.25136649389742605,0.3935787516295157,0
1.1532830557943685,0.6155899937749625,1.8967378047379284,1
1.3721770278660723,0.4696425412680846,3.1509631081317715,1
0.05545578642092375,0.9217844455319967,-0.5861486930816007,0
0.5854961023915235,0.6849231112338395,1.7804571790021386,1
-1.05339597830719,0.10565515488597021,-1.43039324329634,0
2.0051279154052035,0.930519934802198,3.059391312144719,1
-0.4393699027639875,0.3508320354197481,-1.2779254481531632,0
1.2845332922789687,0.8581243160853632,1.0535115174928602,1
0.5308548786648859,0.7099760967664271,1.0285777108435625,0
0.414400929587184,0.5691488387116936,0.06296676677671509,0
0.13946911159120978,0.4563826521422894,0.6351011505105477,1
1.5904433501323432,0.8719255949277227,2.426673056905897,1
-0.2952256782599512,0.08398805852209079,-0.9084391608519868,1
0.21962575613375612,0.051542262235569236,3.0302475922233048,1
-0.21505293652817759,0.6465927305636997,-0.9393555556535174,0
1.7024693175130161,1.366704821769423,0.33563222172760065,0
-0.09136943203557968,0.5393426774932135,-1.1002266681414175,0
0.9927248386063587,0.9790477554647974,-0.1205877306264389,0
0.7981391244984313,0.6269800497575981,1.6198915242035254,1
1.6868991359886085,0.7724414457227271,1.7744263335173422,1
0.46813449929469775,0.8636174136519551,-0.6086315345999702,0
0.9817156561047722,0.49061278192295615,1.8751921310036295,1
0.36453135746504617,0.752992621658544,1.3414027306669556,1
0.5095841081141915,0.7640607569519142,0.7612134906851905,0
1.1103907377790516,0.969222241135665,1.0855285294668833,0
1.4077841084684886,1.3176731528711585,2.3692212868782603,1
1.3370094969394177,1.041301669746137,0.7637736398276563,0
0.7016359782814061,0.4563774494661266,1.2770799607200094,1
1.3598888059753755,0.9194216693804587,1.5490997893551177,0
1.5410931665017586,1.4642332297915663,0.0044971292365801885,0
-0.5599466886614012,0.25497836514443406,-0.7993456002729389,1
1.6415327100555217,1.1489895375046728,0.5114243409874589,0
0.23060473906356882,0.25517535835691096,1.1872298953595442,0
-0.15840872717821564,0.1995609290260023,2.1946773968692908,1
-0.9513637943720661,-0.4604778709784681,-0.48929131218616473,1
1.7471567549285505,1.1080298252189085,0.8903031715278094,1
1.0805238592424162,1.0525517347989193,1.1439094108612933,0
3.5841244996784485,1.5097670792188,3.302565211238404,1
0.9532614700601993,0.7643853506233281,0.4584448252664954,0
-0.02818055682841547,0.6034521579354841,0.05967253381483817,0
1.1191352536291752,0.17477979746118588,1.5752507028043081,0
0.29944697966616307,0.6825092332972744,0.9518465565803029,0
2.0761355279366653,1.207163493687283,1.043089495543077,1
1.1984868967747815,1.1436669784617703,0.4972300014778159,0
1.005398244621369,0.548868932741279,1.0991037920415718,1
1.6872431098513907,1.4518306462694923,0.8885745081276633,0
0.6894158112732786,0.826178336112321,0.12404840295290986,0
-0.7197138235500905,0.33596022758652416,-0.6576069739786485,1
2.7061262894926856,1.680651102719796,0.9920282604858752,1
-0.27836308117699105,0.19071160898995834,-1.3612564467646608,1
1.168259090986429,0.8576506343070367,1.165364030377492,0
1.597344411932827,1.1902667657350943,1.6770618979992866,1
2.045123772357481,1.0768196464299815,0.7752688388426782,0
0.9807006108464978,0.8008482318899717,0.9143013726534136,0
1.7689948140678773,0.904489090947824,2.1658160755869744,1
0.17625217545644867,0.411443555150635,0.17556864270075345,0
0.03814816407855259,0.6844410124911853,-1.5683149786409363,0
1.326925589217573,0.9329392551492945,0.8253164498535154,1
0.1981356508492721,0.7023586113492706,1.4171767438237421,1
0.14910541743473804,0.13180355266416321,2.0506560398802955,1
0.2767072021918997,0.8997134198818476,-0.050276640037352105,1
0.6696575375978162,0.7932354938054067,0.8526828094704685,1
-0.86682231136433,0.4433949726146542,-0.8022986184651404,0
-0.44850407990935687,0.06730761360858656,-0.46909893125271057,1
0.7904933846736554,0.6133515924169635,0.2642892668814575,0
1.2985434748446885,0.697737432333316,2.0102394039925704,1
0.9103105437874746,0.6077801266964944,0.3179690508024372,0
1.699204849705755,1.3738200887116512,0.4576664906232975,0
-1.0614062139174978,0.6208148674182136,-1.2521322559941428,0
1.20716738380365,1.2150951620591668,0.10482757018356215,0
2.153998451447798,1.395889269080884,1.0292610343513107,0
1.2638500706911835,1.0908744593337487,0.29553738166583476,0
0.9402235544782745,0.39807118558669347,3.1466094778513867,1
1.30520746271042,1.0262315615498834,1.4559782676134392,1
0.8659124224234235,1.0942498506473222,-0.20068276281036734,1
0.4142501567464131,0.42459297568097265,1.64843053576747,1
1.4835287176341376,0.865481586848483,1.0560889013989763,1
2.467667043084421,1.4175781950495694,1.8085234356349544,1
2.1102163341912084,1.1566530682660647,0.6287476420949818,1
-0.06693361097881756,0.5741816339694689,1.3779462176490227,1
2.0828552488630856,0.9890553267380862,1.9672468521324573,1
0.8826669245457127,0.6697149862558271,1.362646321007437,1
1.4763294769904456,1.0903770596530007,0.26491103839968333,0
-0.0650172603726159,0.8275855942051812,0.19315999866514844,0
1.3528410003979787,1.0817514102997154,1.219988395732945,1
2.5893716977330588,1.1765829089227262,1.6131986877405828,1
0.40743781538707824,0.9370059790264814,-0.562661746369717,0
0.7667234862512899,1.1691893946844425,-0.8544070533111159,0
0.3177068685568172,0.7755289288610727,1.1262524724176606,0
2.3349759916000465,0.7110218167761556,2.9613812977212093,1
-0.7856490059854343,0.44643896622783014,-2.1368620228500843,1
2.2517518161159416,0.8449715652375875,2.4889994145386356,1
